dataset,scale,item,item_text,n_items,documented_reverse,final_reverse,disagrees,cos_to_centroid,mean_emp_r_raw_vs_scale,mean_cos_raw_vs_scale,hyperplane_reflected,hyperplane_cos_to_pos_c,n_iter,converged
pilot_holdout,Barratt_Impulsiveness_Scale_Short_Form_Impulsiveness,imp_a_1,I am restless at lectures or talks,15,False,False,False,0.47311619073468364,0.15630511797598498,0.18139867875187538,False,0.5698182677865926,2,True
pilot_holdout,Barratt_Impulsiveness_Scale_Short_Form_Impulsiveness,imp_a_2,I squirm at plays or lectures,15,False,False,False,0.3946990998435463,0.19963614141029434,0.14859900170844645,False,0.5184283235069017,2,True
pilot_holdout,Barratt_Impulsiveness_Scale_Short_Form_Impulsiveness,imp_a_3,I concentrate easily,15,True,True,False,0.4164923140134189,-0.1822150974431533,-0.1389914808380683,True,-0.19245881852442676,2,True
pilot_holdout,Barratt_Impulsiveness_Scale_Short_Form_Impulsiveness,imp_a_4,I don't pay attention,15,False,False,False,0.5130876586123339,0.29052088756040556,0.1860143919839771,False,0.5113960943861185,2,True
pilot_holdout,Barratt_Impulsiveness_Scale_Short_Form_Impulsiveness,imp_a_5,I am easily bored solving thought problems,15,False,False,False,0.5334220277493255,0.15540279013497948,0.2082336732617842,False,0.5785601084987106,2,True
pilot_holdout,Barratt_Impulsiveness_Scale_Short_Form_Impulsiveness,imp_m_1,I act on impulse,15,False,False,False,0.4688159894687148,0.27938418321767483,0.17034662051992314,False,0.5949785534850957,2,True
pilot_holdout,Barratt_Impulsiveness_Scale_Short_Form_Impulsiveness,imp_m_2,I act on the spur of the moment,15,False,False,False,0.5684051408217775,0.234498037878702,0.21055945795552847,False,0.6074339908587316,2,True
pilot_holdout,Barratt_Impulsiveness_Scale_Short_Form_Impulsiveness,imp_m_3,I do things without thinking,15,False,False,False,0.6474191954232099,0.2877490247238287,0.2575883242681842,False,0.7038015924185582,2,True
pilot_holdout,Barratt_Impulsiveness_Scale_Short_Form_Impulsiveness,imp_m_4,I say things without thinking,15,False,False,False,0.5371070545071355,0.2424053443624369,0.20898485631447145,False,0.6137054830812367,2,True
pilot_holdout,Barratt_Impulsiveness_Scale_Short_Form_Impulsiveness,imp_m_5,I buy things on impulse,15,False,False,False,0.4350443211089236,0.19793569721569812,0.1515081766567932,False,0.5244263576373955,2,True
pilot_holdout,Barratt_Impulsiveness_Scale_Short_Form_Impulsiveness,imp_np_1,I plan for job security,15,False,True,True,-0.44743651488332464,-0.1511665617431293,-0.1694608757563613,False,0.06351596504669524,2,True
pilot_holdout,Barratt_Impulsiveness_Scale_Short_Form_Impulsiveness,imp_np_2,I plan for the future,15,True,True,False,0.5546501335712379,-0.17036478704263727,-0.14978130997401512,True,-0.0926740245299532,2,True
pilot_holdout,Barratt_Impulsiveness_Scale_Short_Form_Impulsiveness,imp_np_3,I save regularly,15,True,True,False,0.41553227577446333,-0.15691029226941075,-0.10906720839979754,True,-0.07355561768454602,2,True
pilot_holdout,Barratt_Impulsiveness_Scale_Short_Form_Impulsiveness,imp_np_4,I plan tasks carefully,15,True,True,False,0.5858278289109524,-0.1960137384803166,-0.17356586604473653,True,-0.1399899086493044,2,True
pilot_holdout,Barratt_Impulsiveness_Scale_Short_Form_Impulsiveness,imp_np_5,I am a careful thinker,15,True,True,False,0.546219707986187,-0.21234474006163237,-0.1834441303794137,True,-0.2221474374164034,2,True
pilot_holdout,Barratt_Impulsiveness_Scale_Short_Form_Impulsiveness_Attention_impulsivity,imp_a_1,I am restless at lectures or talks,5,False,False,False,0.7391365167367562,0.3131592372866989,0.3342209172629812,False,0.7919351287044701,1,True
pilot_holdout,Barratt_Impulsiveness_Scale_Short_Form_Impulsiveness_Attention_impulsivity,imp_a_2,I squirm at plays or lectures,5,False,False,False,0.6343401119960501,0.3284311728550477,0.25138878772109463,False,0.6538413386358557,1,True
pilot_holdout,Barratt_Impulsiveness_Scale_Short_Form_Impulsiveness_Attention_impulsivity,imp_a_3,I concentrate easily,5,True,True,False,0.5267347296954284,-0.29295300902155824,-0.1663364141384044,True,-0.24031639488405587,1,True
pilot_holdout,Barratt_Impulsiveness_Scale_Short_Form_Impulsiveness_Attention_impulsivity,imp_a_4,I don't pay attention,5,False,False,False,0.5643828508910634,0.3566662464493637,0.19609386678767604,False,0.6038650132971838,1,True
pilot_holdout,Barratt_Impulsiveness_Scale_Short_Form_Impulsiveness_Attention_impulsivity,imp_a_5,I am easily bored solving thought problems,5,False,False,False,0.697045915524118,0.2000221467708922,0.30095208384481625,False,0.7189821784957897,1,True
pilot_holdout,Barratt_Impulsiveness_Scale_Short_Form_Impulsiveness_Motor_Impulsivity,imp_m_1,I act on impulse,5,False,False,False,0.7437988232015651,0.5401175009206544,0.410544609129474,False,,1,True
pilot_holdout,Barratt_Impulsiveness_Scale_Short_Form_Impulsiveness_Motor_Impulsivity,imp_m_2,I act on the spur of the moment,5,False,False,False,0.7046575186198999,0.48295698739393433,0.3757844334889337,False,,1,True
pilot_holdout,Barratt_Impulsiveness_Scale_Short_Form_Impulsiveness_Motor_Impulsivity,imp_m_3,I do things without thinking,5,False,False,False,0.7611364884054534,0.48748460147663675,0.4259416505445515,False,,1,True
pilot_holdout,Barratt_Impulsiveness_Scale_Short_Form_Impulsiveness_Motor_Impulsivity,imp_m_4,I say things without thinking,5,False,False,False,0.6998701198658978,0.42140489368162926,0.371532893502493,False,,1,True
pilot_holdout,Barratt_Impulsiveness_Scale_Short_Form_Impulsiveness_Motor_Impulsivity,imp_m_5,I buy things on impulse,5,False,False,False,0.6428126842582258,0.38652025047250027,0.3208619589355708,False,,1,True
pilot_holdout,Barratt_Impulsiveness_Scale_Short_Form_Impulsiveness_Non_planning,imp_np_1,I plan for job security,5,True,True,False,0.7208909122943457,-0.25779439549169325,-0.4028833705083119,False,,1,True
pilot_holdout,Barratt_Impulsiveness_Scale_Short_Form_Impulsiveness_Non_planning,imp_np_2,I plan for the future,5,True,True,False,0.8199769379390182,-0.32716363670923276,-0.49262180012351664,False,,1,True
pilot_holdout,Barratt_Impulsiveness_Scale_Short_Form_Impulsiveness_Non_planning,imp_np_3,I save regularly,5,True,True,False,0.6265840922643652,-0.24027194407268898,-0.3174732849141767,False,,1,True
pilot_holdout,Barratt_Impulsiveness_Scale_Short_Form_Impulsiveness_Non_planning,imp_np_4,I plan tasks carefully,5,True,True,False,0.8061196454517403,-0.3335705427446765,-0.4800717794880512,False,,1,True
pilot_holdout,Barratt_Impulsiveness_Scale_Short_Form_Impulsiveness_Non_planning,imp_np_5,I am a careful thinker,5,True,True,False,0.6490756635211347,-0.293902920546785,-0.33784304211282445,False,,1,True
pilot_holdout,Behavioral_Activation_System_Scale_behavioral_activation,bas_d_1,I go out of my way to get things I want,13,False,False,False,0.6163700084497304,0.22035412901308918,0.2501526283140443,False,,1,True
pilot_holdout,Behavioral_Activation_System_Scale_behavioral_activation,bas_d_2,When I want something I usually go all-out to get it,13,False,False,False,0.7177166948225067,0.20277206373178894,0.30498608338400635,False,,1,True
pilot_holdout,Behavioral_Activation_System_Scale_behavioral_activation,bas_d_3,If I see a chance to get something I want I move on it right away,13,False,False,False,0.6128347077733074,0.1937449146369313,0.2482398597989848,False,,1,True
pilot_holdout,Behavioral_Activation_System_Scale_behavioral_activation,bas_d_4,"When I go after something I use a ""no holds barred"" approach",13,False,False,False,0.3291788788787252,0.1104641592906422,0.09476834824099069,False,,1,True
pilot_holdout,Behavioral_Activation_System_Scale_behavioral_activation,bas_fs_1,I'm always willing to try something new if I think it will be fun,13,False,False,False,0.4949424103769041,0.2462645433614928,0.18445442957186728,False,,1,True
pilot_holdout,Behavioral_Activation_System_Scale_behavioral_activation,bas_fs_2,I will often do things for no other reason than that they might be fun,13,False,False,False,0.3667450662341516,0.16625521514064584,0.11509347104694838,False,,1,True
pilot_holdout,Behavioral_Activation_System_Scale_behavioral_activation,bas_fs_3,I often act on the spur of the moment,13,False,False,False,0.2609325352967126,0.11383172361436732,0.057843778248352955,False,,1,True
pilot_holdout,Behavioral_Activation_System_Scale_behavioral_activation,bas_fs_4,I crave excitement and new sensations,13,False,False,False,0.5586646177479292,0.26048231830043506,0.21893122323817205,False,,1,True
pilot_holdout,Behavioral_Activation_System_Scale_behavioral_activation,bas_r_1,When I'm doing well at something I love to keep at it,13,False,False,False,0.3246155718902659,0.17979936540377361,0.09229937863105447,False,,1,True
pilot_holdout,Behavioral_Activation_System_Scale_behavioral_activation,bas_r_2,"When I get something I want, I feel excited and energized",13,False,False,False,0.6917419280497927,0.25148783227631516,0.29093247928741556,False,,1,True
pilot_holdout,Behavioral_Activation_System_Scale_behavioral_activation,bas_r_3,When I see an opportunity for something I like I get excited right away,13,False,False,False,0.6837095652136612,0.25770097740083914,0.2865865828161624,False,,1,True
pilot_holdout,Behavioral_Activation_System_Scale_behavioral_activation,bas_r_4,"When good things happen to me, it affects me strongly",13,False,False,False,0.3244323003082998,0.24145204792090944,0.09220021984831561,False,,1,True
pilot_holdout,Behavioral_Activation_System_Scale_behavioral_activation,bas_r_5,It would excite me to win a contest,13,False,False,False,0.510695634337576,0.22680429184094028,0.19297768503457957,False,,1,True
pilot_holdout,Behavioral_Activation_System_Scale_behavioral_activation_Drive,bas_d_1,I go out of my way to get things I want,4,False,False,False,0.8081790643483986,0.3592813094273352,0.4563182192338544,False,,1,True
pilot_holdout,Behavioral_Activation_System_Scale_behavioral_activation_Drive,bas_d_2,When I want something I usually go all-out to get it,4,False,False,False,0.8528251877801124,0.3913553124247391,0.49994082991405503,False,,1,True
pilot_holdout,Behavioral_Activation_System_Scale_behavioral_activation_Drive,bas_d_3,If I see a chance to get something I want I move on it right away,4,False,False,False,0.7111097192698199,0.31092344740732974,0.3614741896996569,False,,1,True
pilot_holdout,Behavioral_Activation_System_Scale_behavioral_activation_Drive,bas_d_4,"When I go after something I use a ""no holds barred"" approach",4,False,False,False,0.5591110036157817,0.2677624495227346,0.21296004586792838,False,,1,True
pilot_holdout,Behavioral_Activation_System_Scale_behavioral_activation_Fun_Seeking,bas_fs_1,I'm always willing to try something new if I think it will be fun,4,False,False,False,0.6284039966420918,0.2779398280941114,0.2146921667350693,False,,1,True
pilot_holdout,Behavioral_Activation_System_Scale_behavioral_activation_Fun_Seeking,bas_fs_2,I will often do things for no other reason than that they might be fun,4,False,False,False,0.7137285883208404,0.2799887708047386,0.28910297932178614,False,,1,True
pilot_holdout,Behavioral_Activation_System_Scale_behavioral_activation_Fun_Seeking,bas_fs_3,I often act on the spur of the moment,4,False,False,False,0.5484266383107587,0.20555184506663593,0.1449446284827912,False,,1,True
pilot_holdout,Behavioral_Activation_System_Scale_behavioral_activation_Fun_Seeking,bas_fs_4,I crave excitement and new sensations,4,False,False,False,0.7257139210576828,0.2698442715089774,0.2995552807102113,False,,1,True
pilot_holdout,Behavioral_Activation_System_Scale_behavioral_activation_Reward_Responsiveness,bas_r_1,When I'm doing well at something I love to keep at it,5,False,False,False,0.5745941821773487,0.31720165154719643,0.20996238879989296,False,,1,True
pilot_holdout,Behavioral_Activation_System_Scale_behavioral_activation_Reward_Responsiveness,bas_r_2,"When I get something I want, I feel excited and energized",5,False,False,False,0.743597270293413,0.4028592244484114,0.34524928611907046,False,,1,True
pilot_holdout,Behavioral_Activation_System_Scale_behavioral_activation_Reward_Responsiveness,bas_r_3,When I see an opportunity for something I like I get excited right away,5,False,False,False,0.7616788812334541,0.34704273133969354,0.3597236076825362,False,,1,True
pilot_holdout,Behavioral_Activation_System_Scale_behavioral_activation_Reward_Responsiveness,bas_r_4,"When good things happen to me, it affects me strongly",5,False,False,False,0.5198767746216616,0.370690196449048,0.1661611282426063,False,,1,True
pilot_holdout,Behavioral_Activation_System_Scale_behavioral_activation_Reward_Responsiveness,bas_r_5,It would excite me to win a contest,5,False,False,False,0.6022511232394082,0.35779534288385867,0.2321017578926981,False,,1,True
pilot_holdout,Behavioral_Inhibition_System_Scale_behavioral_inhibition,bis_1,"Even if something bad is about to happen to me, I rarely experience fear or nervousness",7,True,True,False,0.5997078772553422,-0.39625818330904816,-0.2741761252175207,True,-0.296503359834112,1,True
pilot_holdout,Behavioral_Inhibition_System_Scale_behavioral_inhibition,bis_2,Criticism or scolding hurts me quite a bit,7,False,False,False,0.5586237826839875,0.37897782830999205,0.2439753764200215,False,0.6031878949371452,1,True
pilot_holdout,Behavioral_Inhibition_System_Scale_behavioral_inhibition,bis_3,I feel pretty worried or upset when I think or know somebody is angry at me,7,False,False,False,0.6599270796427601,0.3800802925693865,0.3184430130012956,False,0.7495141115415151,1,True
pilot_holdout,Behavioral_Inhibition_System_Scale_behavioral_inhibition,bis_4,"If I think something unpleasant is going to happen I usually get pretty ""worked up""",7,False,False,False,0.6139531118794297,0.36028084846240377,0.2846477385494463,False,0.6393181784029719,1,True
pilot_holdout,Behavioral_Inhibition_System_Scale_behavioral_inhibition,bis_5,I feel worried when I think I have done poorly at something important,7,False,False,False,0.7572600188531939,0.377347018230124,0.38999205594566927,False,0.8194898292239022,1,True
pilot_holdout,Behavioral_Inhibition_System_Scale_behavioral_inhibition,bis_6,I have very few fears compared to my friends,7,True,True,False,0.5544221800405146,-0.3180135979608228,-0.2408867956126229,True,-0.23993834645457368,1,True
pilot_holdout,Behavioral_Inhibition_System_Scale_behavioral_inhibition,bis_7,I worry about making mistakes,7,False,False,False,0.6666812507574474,0.40160652484441045,0.3234079763842841,False,0.7195768838892401,1,True
pilot_holdout,Big_Five_Inventory_2_agreeableness,bfi_a1_1,"I am someone who is compassionate, has a soft heart",12,False,False,False,0.6357899679793989,0.3025769843553903,0.27376481114885687,False,0.7576889945520786,2,True
pilot_holdout,Big_Five_Inventory_2_agreeableness,bfi_a1_2,I am someone who feels little sympathy for others,12,True,True,False,0.5629692251195518,-0.17962910708758215,-0.20831326812692083,True,-0.24039912636190489,2,True
pilot_holdout,Big_Five_Inventory_2_agreeableness,bfi_a1_3,I am someone who is helpful and unselfish with others,12,False,False,False,0.5650671174023214,0.24741006352789865,0.23382635037590013,False,0.7334262192033418,2,True
pilot_holdout,Big_Five_Inventory_2_agreeableness,bfi_a1_4,I am someone who can be cold and uncaring,12,True,True,False,0.5120616471371715,-0.30779502056224495,-0.17408525942409414,True,-0.031460718268612756,2,True
pilot_holdout,Big_Five_Inventory_2_agreeableness,bfi_a2_1,"I am someone who is respectful, treats others with respect",12,False,False,False,0.45427070207220627,0.27401244635013844,0.18274115494911713,False,0.751425397938427,2,True
pilot_holdout,Big_Five_Inventory_2_agreeableness,bfi_a2_2,I am someone who starts arguments with others,12,True,True,False,0.5600633404439587,-0.26756177441345946,-0.1926292432994305,True,-0.05384021458934959,2,True
pilot_holdout,Big_Five_Inventory_2_agreeableness,bfi_a2_3,I am someone who is sometimes rude to others,12,True,True,False,0.4872477931428734,-0.292043772766266,-0.15996635472690612,False,0.055158317706647725,2,True
pilot_holdout,Big_Five_Inventory_2_agreeableness,bfi_a2_4,"I am someone who is polite, courteous to others",12,False,False,False,0.515751885215485,0.2831143331061827,0.21139145983567012,False,0.8017917361160943,2,True
pilot_holdout,Big_Five_Inventory_2_agreeableness,bfi_a3_1,I am someone who tends to find fault with others,12,True,True,False,0.6696600744889541,-0.2642486458540248,-0.2393658503097324,True,-0.06613615038935634,2,True
pilot_holdout,Big_Five_Inventory_2_agreeableness,bfi_a3_2,I am someone who has a forgiving nature,12,False,False,False,0.5535527338308236,0.24528969653763222,0.21803869269729015,False,0.6498424956177081,2,True
pilot_holdout,Big_Five_Inventory_2_agreeableness,bfi_a3_3,I am someone who is suspicious of others' intentions,12,True,True,False,0.46001269197264527,-0.193559941820983,-0.1399406662928421,True,-0.05474153737974419,2,True
pilot_holdout,Big_Five_Inventory_2_agreeableness,bfi_a3_4,I am someone who assumes the best about people,12,False,True,True,-0.32357447747654144,0.28579447957575627,-0.09441147413839285,False,0.2715050218621274,2,True
pilot_holdout,Big_Five_Inventory_2_agreeableness_compassion,bfi_a1_1,"I am someone who is compassionate, has a soft heart",4,False,False,False,0.7431774876513627,0.33119350955174603,0.3306668099522774,False,0.8807157767989601,1,True
pilot_holdout,Big_Five_Inventory_2_agreeableness_compassion,bfi_a1_2,I am someone who feels little sympathy for others,4,True,True,False,0.718195207131855,-0.26092379641867064,-0.30834611520548455,True,-0.33655237129431276,1,True
pilot_holdout,Big_Five_Inventory_2_agreeableness_compassion,bfi_a1_3,I am someone who is helpful and unselfish with others,4,False,False,False,0.678754716173553,0.2771912402679469,0.27310757248491596,False,0.8807157767989604,1,True
pilot_holdout,Big_Five_Inventory_2_agreeableness_compassion,bfi_a1_4,I am someone who can be cold and uncaring,4,True,True,False,0.5402557585497225,-0.35228134224377855,-0.14936414748188,True,-0.06578062192000496,1,True
pilot_holdout,Big_Five_Inventory_2_agreeableness_respectfulness,bfi_a2_1,"I am someone who is respectful, treats others with respect",4,False,False,False,0.6429734247939022,0.35578571112670626,0.1866493686531826,False,0.9283990361109321,1,True
pilot_holdout,Big_Five_Inventory_2_agreeableness_respectfulness,bfi_a2_2,I am someone who starts arguments with others,4,True,True,False,0.6413468564453325,-0.32118953631163366,-0.1853339372959285,True,-0.0015235939777023808,1,True
pilot_holdout,Big_Five_Inventory_2_agreeableness_respectfulness,bfi_a2_3,I am someone who is sometimes rude to others,4,True,True,False,0.5013778087227727,-0.36327477304514555,-0.07213877117753785,False,0.18136408962960582,1,True
pilot_holdout,Big_Five_Inventory_2_agreeableness_respectfulness,bfi_a2_4,"I am someone who is polite, courteous to others",4,False,False,False,0.6404490038460643,0.3913925095141498,0.18460782980446785,False,0.9283990361109323,1,True
pilot_holdout,Big_Five_Inventory_2_agreeableness_trust,bfi_a3_1,I am someone who tends to find fault with others,4,True,True,False,0.5988451441750205,-0.36346541421739414,-0.07724500849380717,False,0.10699533227143286,1,True
pilot_holdout,Big_Five_Inventory_2_agreeableness_trust,bfi_a3_2,I am someone who has a forgiving nature,4,False,False,False,0.5872898308913586,0.3220096059526725,0.06932249060508823,False,0.6912002981484334,1,True
pilot_holdout,Big_Five_Inventory_2_agreeableness_trust,bfi_a3_3,I am someone who is suspicious of others' intentions,4,True,True,False,0.6357836474036931,-0.29431732844320296,-0.10257066998196705,False,0.052035153096160046,1,True
pilot_holdout,Big_Five_Inventory_2_agreeableness_trust,bfi_a3_4,I am someone who assumes the best about people,4,False,False,False,0.23493202992735338,0.39120549940771837,-0.1722599669916239,False,0.6912002981484336,1,True
pilot_holdout,Big_Five_Inventory_2_conscientiousness,bfi_c1_1,I am someone who tends to be disorganized,12,True,True,False,0.5759921774923803,-0.4209804872574306,-0.2636641044653603,True,-0.08414265446590742,1,True
pilot_holdout,Big_Five_Inventory_2_conscientiousness,bfi_c1_2,"I am someone who is systematic, likes to keep things in order",12,False,False,False,0.5321146645387042,0.33875306775337094,0.23665368560724212,False,0.7494426066493802,1,True
pilot_holdout,Big_Five_Inventory_2_conscientiousness,bfi_c1_3,I am someone who keeps things neat and tidy,12,False,False,False,0.5981561506132522,0.3689766434260193,0.277307954293104,False,0.725453095586006,1,True
pilot_holdout,Big_Five_Inventory_2_conscientiousness,bfi_c1_4,"I am someone who leaves a mess, doesn't clean up",12,True,True,False,0.5495177582268634,-0.3446723104922438,-0.2473668007840419,True,-0.20446049992675525,1,True
pilot_holdout,Big_Five_Inventory_2_conscientiousness,bfi_c2_1,"I am someone who is efficient, gets things done",12,False,False,False,0.5990246385172077,0.32494114089674625,0.27784258400385853,False,0.7551037096531295,1,True
pilot_holdout,Big_Five_Inventory_2_conscientiousness,bfi_c2_2,I am someone who tends to be lazy,12,True,True,False,0.5572693664902257,-0.3777099322150255,-0.252138588698241,True,-0.08693315318135383,1,True
pilot_holdout,Big_Five_Inventory_2_conscientiousness,bfi_c2_3,I am someone who has difficulty getting started on tasks,12,True,True,False,0.6059800637879905,-0.3075146699429256,-0.2821242521580796,True,-0.23820128650200484,1,True
pilot_holdout,Big_Five_Inventory_2_conscientiousness,bfi_c2_4,"I am someone who is persistent, works until the task is finished",12,False,False,False,0.5771481203661889,0.31808742453775624,0.2643756876681412,False,0.7213083940748518,1,True
pilot_holdout,Big_Five_Inventory_2_conscientiousness,bfi_c3_1,"I am someone who is dependable, steady",12,False,False,False,0.49426590906266904,0.26115458961148935,0.2133544904193672,False,0.6721502988677078,1,True
pilot_holdout,Big_Five_Inventory_2_conscientiousness,bfi_c3_2,I am someone who can be somewhat careless,12,True,True,False,0.5469462616835312,-0.3138714112582831,-0.24578382139318766,True,-0.11939077837518255,1,True
pilot_holdout,Big_Five_Inventory_2_conscientiousness,bfi_c3_3,"I am someone who is reliable, can always be counted on",12,False,False,False,0.49072241145981405,0.2951777722914864,0.21117315998304784,False,0.6605819889237852,1,True
pilot_holdout,Big_Five_Inventory_2_conscientiousness,bfi_c3_4,I am someone who sometimes behaves irresponsibly,12,True,True,False,0.6443175452574014,-0.2253267047148994,-0.30572430062817835,True,-0.18534661160863602,1,True
pilot_holdout,Big_Five_Inventory_2_conscientiousness_organization,bfi_c1_1,I am someone who tends to be disorganized,4,True,True,False,0.5261086261453156,-0.5714318717110773,-0.12487853306825068,True,-0.009265235027553763,1,True
pilot_holdout,Big_Five_Inventory_2_conscientiousness_organization,bfi_c1_2,"I am someone who is systematic, likes to keep things in order",4,False,False,False,0.6819034810987342,0.49450180762998347,0.2605673389846399,False,0.9172478282532884,1,True
pilot_holdout,Big_Five_Inventory_2_conscientiousness_organization,bfi_c1_3,I am someone who keeps things neat and tidy,4,False,False,False,0.7489190674358399,0.5814216047008002,0.31893425290222327,False,0.9172478282532889,1,True
pilot_holdout,Big_Five_Inventory_2_conscientiousness_organization,bfi_c1_4,"I am someone who leaves a mess, doesn't clean up",4,True,True,False,0.6559049030639996,-0.4938917919445294,-0.23792399809824216,True,-0.19413151905887735,1,True
pilot_holdout,Big_Five_Inventory_2_conscientiousness_productiveness,bfi_c2_1,"I am someone who is efficient, gets things done",4,False,False,False,0.7110564075918676,0.41169737956245883,0.31014590637420697,False,0.895244082190165,1,True
pilot_holdout,Big_Five_Inventory_2_conscientiousness_productiveness,bfi_c2_2,I am someone who tends to be lazy,4,True,True,False,0.6114840971637651,-0.4106689708174749,-0.2200367196400721,True,-0.11060091051175762,1,True
pilot_holdout,Big_Five_Inventory_2_conscientiousness_productiveness,bfi_c2_3,I am someone who has difficulty getting started on tasks,4,True,True,False,0.6940811660849174,-0.3909354161678222,-0.2947839528328024,True,-0.23584144772346197,1,True
pilot_holdout,Big_Five_Inventory_2_conscientiousness_productiveness,bfi_c2_4,"I am someone who is persistent, works until the task is finished",4,False,False,False,0.6982652193014379,0.42004461576940894,0.2985703632411985,False,0.8952440821901653,1,True
pilot_holdout,Big_Five_Inventory_2_conscientiousness_responsibility,bfi_c3_1,"I am someone who is dependable, steady",4,False,False,False,0.6989911188565552,0.3174586985989471,0.28652363956136245,False,0.9269618350793091,1,True
pilot_holdout,Big_Five_Inventory_2_conscientiousness_responsibility,bfi_c3_2,I am someone who can be somewhat careless,4,True,True,False,0.6338598874066124,-0.2751684544844643,-0.22876604167727518,True,-0.04993105887168234,1,True
pilot_holdout,Big_Five_Inventory_2_conscientiousness_responsibility,bfi_c3_3,"I am someone who is reliable, can always be counted on",4,False,False,False,0.678096844304437,0.33323072202226106,0.2679948465262047,False,0.9269618350793091,1,True
pilot_holdout,Big_Five_Inventory_2_conscientiousness_responsibility,bfi_c3_4,I am someone who sometimes behaves irresponsibly,4,True,True,False,0.6494163064564042,-0.26386239876646417,-0.24256128822784598,True,-0.07225438335255022,1,True
pilot_holdout,Big_Five_Inventory_2_extraversion,bfi_e1_1,"I am someone who is outgoing, sociable",12,False,False,False,0.6944405726144464,0.4287451340167202,0.3505609567294075,False,0.7692673684931045,1,True
pilot_holdout,Big_Five_Inventory_2_extraversion,bfi_e1_2,I am someone who tends to be quiet,12,True,True,False,0.6971624591195408,-0.4022140081252683,-0.3522913155426127,True,-0.4865752985903841,1,True
pilot_holdout,Big_Five_Inventory_2_extraversion,bfi_e1_3,"I am someone who is sometimes shy, introverted",12,True,True,False,0.4772223555170266,-0.37131704521503955,-0.2124709020413316,True,-0.2208450596400972,1,True
pilot_holdout,Big_Five_Inventory_2_extraversion,bfi_e1_4,I am someone who is talkative,12,False,False,False,0.6219779852231229,0.4160952229334443,0.3044950107446857,False,0.7154479974964637,1,True
pilot_holdout,Big_Five_Inventory_2_extraversion,bfi_e2_1,I am someone who has an assertive personality,12,False,False,False,0.6059684744064167,0.255940387633143,0.2943174379160825,False,0.7575326747584059,1,True
pilot_holdout,Big_Five_Inventory_2_extraversion,bfi_e2_2,"I am someone who is dominant, acts as a leader",12,False,False,False,0.5363834240873959,0.3614675239787233,0.25008080098743773,False,0.6681659044220954,1,True
pilot_holdout,Big_Five_Inventory_2_extraversion,bfi_e2_3,I am someone who finds it hard to influence people,12,True,True,False,0.5917304787270403,-0.3170792100739797,-0.2852660534222495,True,-0.37422731706950046,1,True
pilot_holdout,Big_Five_Inventory_2_extraversion,bfi_e2_4,I am someone who prefers to have others take charge,12,True,True,False,0.2004694906580533,-0.30728133615824615,-0.0365334564894354,False,0.038152442715252435,1,True
pilot_holdout,Big_Five_Inventory_2_extraversion,bfi_e3_1,I am someone who rarely feels excited or eager,12,True,True,False,0.5827251684033458,-0.250861161868251,-0.2795411938239204,True,-0.328129706467494,1,True
pilot_holdout,Big_Five_Inventory_2_extraversion,bfi_e3_2,I am someone who is less active than other people,12,True,True,False,0.5795394597263921,-0.27604986989147456,-0.27751597378805426,True,-0.32677617204803105,1,True
pilot_holdout,Big_Five_Inventory_2_extraversion,bfi_e3_3,I am someone who is full of energy,12,False,False,False,0.686975273364042,0.385819254626882,0.3458151136066421,False,0.7255823530696722,1,True
pilot_holdout,Big_Five_Inventory_2_extraversion,bfi_e3_4,I am someone who shows a lot of Enthusiasm,12,False,False,False,0.7183294013446225,0.36452390688131514,0.3657475727962573,False,0.7819017217194483,1,True
pilot_holdout,Big_Five_Inventory_2_extraversion_assertiveness,bfi_e2_1,I am someone who has an assertive personality,4,False,False,False,0.732120292255131,0.3507620534521883,0.25009009977514446,False,0.8878678413368049,1,True
pilot_holdout,Big_Five_Inventory_2_extraversion_assertiveness,bfi_e2_2,"I am someone who is dominant, acts as a leader",4,False,False,False,0.6493350490019227,0.48372621430333124,0.18411890441224363,False,0.8878678413368052,1,True
pilot_holdout,Big_Five_Inventory_2_extraversion_assertiveness,bfi_e2_3,I am someone who finds it hard to influence people,4,True,True,False,0.6704187875927013,-0.3331834707176497,-0.20092044274073903,True,-0.2652861647490668,1,True
pilot_holdout,Big_Five_Inventory_2_extraversion_assertiveness,bfi_e2_4,I am someone who prefers to have others take charge,4,True,True,False,0.33881264467775035,-0.4323856787296148,0.06333503055500923,False,0.18115776698159908,1,True
pilot_holdout,Big_Five_Inventory_2_extraversion_energy_level,bfi_e3_1,I am someone who rarely feels excited or eager,4,True,True,False,0.7005308315626262,-0.3343249860536632,-0.35391324300349075,True,-0.32456256470126305,1,True
pilot_holdout,Big_Five_Inventory_2_extraversion_energy_level,bfi_e3_2,I am someone who is less active than other people,4,True,True,False,0.6879066271272292,-0.28784105039921876,-0.34152843296186847,True,-0.30445245008841365,1,True
pilot_holdout,Big_Five_Inventory_2_extraversion_energy_level,bfi_e3_3,I am someone who is full of energy,4,False,False,False,0.7800620804868744,0.4633111871699323,0.4319363307426278,False,0.9237746984576276,1,True
pilot_holdout,Big_Five_Inventory_2_extraversion_energy_level,bfi_e3_4,I am someone who shows a lot of Enthusiasm,4,False,False,False,0.774611079397317,0.4348032233967589,0.42658869767978275,False,0.9237746984576277,1,True
pilot_holdout,Big_Five_Inventory_2_extraversion_sociability,bfi_e1_1,"I am someone who is outgoing, sociable",4,False,False,False,0.7345255438624639,0.5591780887946742,0.3581375321099158,False,0.8863134504708171,1,True
pilot_holdout,Big_Five_Inventory_2_extraversion_sociability,bfi_e1_2,I am someone who tends to be quiet,4,True,True,False,0.78021632740146,-0.5991782680398323,-0.4011501215296866,True,-0.38875694635695546,1,True
pilot_holdout,Big_Five_Inventory_2_extraversion_sociability,bfi_e1_3,"I am someone who is sometimes shy, introverted",4,True,True,False,0.6117573066304275,-0.5445639431377833,-0.24256543260009442,True,-0.1203676612027857,1,True
pilot_holdout,Big_Five_Inventory_2_extraversion_sociability,bfi_e1_4,I am someone who is talkative,4,False,False,False,0.6976539283700797,0.5674897550601881,0.32342716963464807,False,0.8863134504708169,1,True
pilot_holdout,Big_Five_Inventory_2_neuroticism,bfi_n1_1,"I am someone who is relaxed, handles stress well",12,True,True,False,0.39490086191475193,-0.4418397215759628,-0.15182830003362982,True,-0.035544384470759235,1,True
pilot_holdout,Big_Five_Inventory_2_neuroticism,bfi_n1_2,I am someone who can be tense,12,False,False,False,0.30833450859299993,0.35228273265767035,0.0986177533489181,False,0.4678043584013329,1,True
pilot_holdout,Big_Five_Inventory_2_neuroticism,bfi_n1_3,I am someone who worries a lot,12,False,False,False,0.4281190070160894,0.4363954187137921,0.17224680668048556,False,0.5964434321228769,1,True
pilot_holdout,Big_Five_Inventory_2_neuroticism,bfi_n1_4,I am someone who rarely feels anxious or afraid,12,True,True,False,0.6303892208367627,-0.4372883371957475,-0.2965781229764108,True,-0.4131918634533913,1,True
pilot_holdout,Big_Five_Inventory_2_neuroticism,bfi_n2_1,I am someone who stays optimistic after experiencing a setback,12,True,True,False,0.41267776067446266,-0.3659441486587686,-0.16275539197022984,True,-0.12196852585698989,1,True
pilot_holdout,Big_Five_Inventory_2_neuroticism,bfi_n2_2,"I am someone who feels secure, comfortable with self",12,True,True,False,0.4408809741692194,-0.3751808393914462,-0.18009132389685004,True,-0.12072655145467626,1,True
pilot_holdout,Big_Five_Inventory_2_neuroticism,bfi_n2_3,I am someone who often feels sad,12,False,False,False,0.6807310484011518,0.461511120804265,0.32752220301467116,False,0.7878326794332134,1,True
pilot_holdout,Big_Five_Inventory_2_neuroticism,bfi_n2_4,"I am someone who tends to feel depressed, blue",12,False,False,False,0.6924097865840015,0.46012938585478236,0.33470088179056134,False,0.7953509159088537,1,True
pilot_holdout,Big_Five_Inventory_2_neuroticism,bfi_n3_1,"I am someone who is moody, has up and down mood swings",12,False,False,False,0.7749561952178264,0.4355502333889683,0.3854404516317426,False,0.8436869987036829,1,True
pilot_holdout,Big_Five_Inventory_2_neuroticism,bfi_n3_2,"I am someone who is emotionally stable, not easily upset",12,True,True,False,0.6241732607278944,-0.5144913075925466,-0.29275730088016394,True,-0.2947368692018025,1,True
pilot_holdout,Big_Five_Inventory_2_neuroticism,bfi_n3_3,I am someone who keeps their emotions under control,12,True,True,False,0.6701384009663681,-0.40473577747459805,-0.32101112175486224,True,-0.42689865962869855,1,True
pilot_holdout,Big_Five_Inventory_2_neuroticism,bfi_n3_4,"I am someone who is temperamental, gets emotional easily",12,False,False,False,0.7037614300949111,0.4142062912998018,0.3416785022378543,False,0.7784372218911356,1,True
pilot_holdout,Big_Five_Inventory_2_neuroticism_anxiety,bfi_n1_1,"I am someone who is relaxed, handles stress well",4,True,True,False,0.46176612683528345,-0.5039177269679461,-0.024161382048065727,False,0.11283357874709901,1,True
pilot_holdout,Big_Five_Inventory_2_neuroticism_anxiety,bfi_n1_2,I am someone who can be tense,4,False,False,False,0.5414910708780478,0.39836790614994544,0.08588363607024652,False,0.7829592581028952,1,True
pilot_holdout,Big_Five_Inventory_2_neuroticism_anxiety,bfi_n1_3,I am someone who worries a lot,4,False,False,False,0.6098385975012627,0.5290612230856079,0.1387976073583671,False,0.782959258102895,1,True
pilot_holdout,Big_Five_Inventory_2_neuroticism_anxiety,bfi_n1_4,I am someone who rarely feels anxious or afraid,4,True,True,False,0.7094741894970887,-0.5072617937003845,-0.21593448581786215,True,-0.2545669630789112,1,True
pilot_holdout,Big_Five_Inventory_2_neuroticism_depression,bfi_n2_1,I am someone who stays optimistic after experiencing a setback,4,True,True,False,0.5643403092528997,-0.3971890260667304,-0.1666122444409274,True,-0.10871863386859827,1,True
pilot_holdout,Big_Five_Inventory_2_neuroticism_depression,bfi_n2_2,"I am someone who feels secure, comfortable with self",4,True,True,False,0.5843038151342911,-0.4348271823869346,-0.18429779041138108,True,-0.1368864250455939,1,True
pilot_holdout,Big_Five_Inventory_2_neuroticism_depression,bfi_n2_3,I am someone who often feels sad,4,False,False,False,0.7430412062450699,0.5579590255817952,0.3249222601011644,False,0.941796209329539,1,True
pilot_holdout,Big_Five_Inventory_2_neuroticism_depression,bfi_n2_4,"I am someone who tends to feel depressed, blue",4,False,False,False,0.7659960519156855,0.5425761665019747,0.3452578154271831,False,0.9417962093295388,1,True
pilot_holdout,Big_Five_Inventory_2_neuroticism_emotional_volatility,bfi_n3_1,"I am someone who is moody, has up and down mood swings",4,False,False,False,0.8274344394655053,0.553973711628898,0.520057187323924,False,0.9367074473774762,1,True
pilot_holdout,Big_Five_Inventory_2_neuroticism_emotional_volatility,bfi_n3_2,"I am someone who is emotionally stable, not easily upset",4,True,True,False,0.7138540562146138,-0.6011575400622993,-0.4029138611873646,True,-0.35115872933900033,1,True
pilot_holdout,Big_Five_Inventory_2_neuroticism_emotional_volatility,bfi_n3_3,I am someone who keeps their emotions under control,4,True,True,False,0.7672791647265237,-0.5519515310320363,-0.45801488066946433,True,-0.43939495448544436,1,True
pilot_holdout,Big_Five_Inventory_2_neuroticism_emotional_volatility,bfi_n3_4,"I am someone who is temperamental, gets emotional easily",4,False,False,False,0.7855403919794256,0.5839043466269179,0.47684895076601647,False,0.9367074473774764,1,True
pilot_holdout,Big_Five_Inventory_2_openness,bfi_o1_1,I am someone who has few artistic interests,12,True,True,False,0.586502032741564,-0.17656391788921963,-0.2771386717607102,True,-0.21158171793630723,1,True
pilot_holdout,Big_Five_Inventory_2_openness,bfi_o1_2,"I am someone who is fascinated by art, music, or literature",12,False,False,False,0.48977051955932077,0.3370076819588659,0.21643672186299082,False,0.6515935978359038,1,True
pilot_holdout,Big_Five_Inventory_2_openness,bfi_o1_3,I am someone who values art and beauty,12,False,False,False,0.5065930223564143,0.31539632583546984,0.2269933511180253,False,0.6204087157785355,1,True
pilot_holdout,Big_Five_Inventory_2_openness,bfi_o1_4,I am someone who thinks poetry and plays are boring,12,True,True,False,0.4639491137017442,-0.2779169776663455,-0.20023300879068232,True,-0.11505551502716803,1,True
pilot_holdout,Big_Five_Inventory_2_openness,bfi_o2_1,I am someone who is curious about many different things,12,False,False,False,0.5501800278637319,0.2851756259184312,0.2543455152417484,False,0.6902602951151546,1,True
pilot_holdout,Big_Five_Inventory_2_openness,bfi_o2_2,"I am someone who avoids intellectual, philosophical discussions",12,True,True,False,0.6383853803460448,-0.24148561978029265,-0.3096970414502198,True,-0.30704286319029994,1,True
pilot_holdout,Big_Five_Inventory_2_openness,bfi_o2_3,"I am someone who is complex, a deep thinker",12,False,False,False,0.563242709824673,0.23419366787184,0.2625427432167622,False,0.6647261871184521,1,True
pilot_holdout,Big_Five_Inventory_2_openness,bfi_o2_4,I am someone who has little interest in abstract ideas,12,True,True,False,0.6407759419416402,-0.3473395462603199,-0.3111971911473496,True,-0.2726695949187698,1,True
pilot_holdout,Big_Five_Inventory_2_openness,bfi_o3_1,"I am someone who is inventive, finds clever ways to do things",12,False,False,False,0.5735193643847107,0.2508921523814852,0.2689916547420507,False,0.6924572921345287,1,True
pilot_holdout,Big_Five_Inventory_2_openness,bfi_o3_2,I am someone who has little creativity,12,True,True,False,0.664720523655662,-0.3749750217689645,-0.32622314031024574,True,-0.31456901609087046,1,True
pilot_holdout,Big_Five_Inventory_2_openness,bfi_o3_3,I am someone who has difficulty imagining things,12,True,True,False,0.6060971217107257,-0.28170354282059606,-0.28943518268788293,True,-0.3427866088620229,1,True
pilot_holdout,Big_Five_Inventory_2_openness,bfi_o3_4,"I am someone who is original, comes up with new ideas",12,False,False,False,0.6190969063518719,0.29148106010945984,0.29759294069257075,False,0.7368027178495045,1,True
pilot_holdout,Big_Five_Inventory_2_openness_aesthetic_sensitivity,bfi_o2_1,I am someone who is curious about many different things,4,False,False,False,0.6484592358741502,0.3396186623375869,0.27321694843812117,False,0.8342494553394524,1,True
pilot_holdout,Big_Five_Inventory_2_openness_aesthetic_sensitivity,bfi_o2_2,"I am someone who avoids intellectual, philosophical discussions",4,True,True,False,0.7732782174561885,-0.3534708958050134,-0.38996906524150415,True,-0.3254736270934762,1,True
pilot_holdout,Big_Five_Inventory_2_openness_aesthetic_sensitivity,bfi_o2_3,"I am someone who is complex, a deep thinker",4,False,False,False,0.6708842027831237,0.33779806251206385,0.2941926231526894,False,0.8342494553394518,1,True
pilot_holdout,Big_Five_Inventory_2_openness_aesthetic_sensitivity,bfi_o2_4,I am someone who has little interest in abstract ideas,4,True,True,False,0.7134928143842836,-0.34009154787351253,-0.33404750367996705,True,-0.22492535366586613,1,True
pilot_holdout,Big_Five_Inventory_2_openness_creative_imagination,bfi_o3_1,"I am someone who is inventive, finds clever ways to do things",4,False,False,False,0.7407914398943106,0.3713933689357572,0.38615084133509975,False,0.9017047462151494,1,True
pilot_holdout,Big_Five_Inventory_2_openness_creative_imagination,bfi_o3_2,I am someone who has little creativity,4,True,True,False,0.6919139365450755,-0.45783227529278464,-0.33867919376571703,True,-0.3266894745719964,1,True
pilot_holdout,Big_Five_Inventory_2_openness_creative_imagination,bfi_o3_3,I am someone who has difficulty imagining things,4,True,True,False,0.6965547254586893,-0.3522258517301215,-0.3431865004130484,True,-0.3341874499340826,1,True
pilot_holdout,Big_Five_Inventory_2_openness_creative_imagination,bfi_o3_4,"I am someone who is original, comes up with new ideas",4,False,False,False,0.7844513798561515,0.4484293783989268,0.42855499745493847,False,0.9017047462151494,1,True
pilot_holdout,Big_Five_Inventory_2_openness_intellectual_curiosity,bfi_o1_1,I am someone who has few artistic interests,4,True,True,False,0.6535391052898006,-0.24214517409548794,-0.23594654159311346,True,-0.15306875629304817,1,True
pilot_holdout,Big_Five_Inventory_2_openness_intellectual_curiosity,bfi_o1_2,"I am someone who is fascinated by art, music, or literature",4,False,False,False,0.6398419169663903,0.4817191438613387,0.22401529892916058,False,0.8861246341729556,1,True
pilot_holdout,Big_Five_Inventory_2_openness_intellectual_curiosity,bfi_o1_3,I am someone who values art and beauty,4,False,False,False,0.7179947591186386,0.44262362694110474,0.2920920824689149,False,0.8861246341729555,1,True
pilot_holdout,Big_Five_Inventory_2_openness_intellectual_curiosity,bfi_o1_4,I am someone who thinks poetry and plays are boring,4,True,True,False,0.6018414093884209,-0.3963231683015724,-0.19091410570900122,True,-0.07683946391002651,1,True
pilot_holdout,Buss_Perry_Aggression_Questionnaire_Aggression,aggr_a_1,I flare up quickly but get over it quickly,12,False,False,False,0.12304821368064352,0.18540636725901063,-0.02136114746777137,False,,1,True
pilot_holdout,Buss_Perry_Aggression_Questionnaire_Aggression,aggr_a_2,Sometimes I fly off the handle for no good reason,12,False,False,False,0.5476551525524735,0.30942992472027736,0.21863046627554333,False,,1,True
pilot_holdout,Buss_Perry_Aggression_Questionnaire_Aggression,aggr_a_3,I have trouble controlling my temper,12,False,False,False,0.5105160261875338,0.3209084315483532,0.19763910213764066,False,,1,True
pilot_holdout,Buss_Perry_Aggression_Questionnaire_Aggression,aggr_h_1,At times I feel I have gotten a raw deal out of life,12,False,False,False,0.5310883142566942,0.19764184718812053,0.20926674210327123,False,,1,True
pilot_holdout,Buss_Perry_Aggression_Questionnaire_Aggression,aggr_h_2,Other people always seem to get the breaks,12,False,False,False,0.36127454961385824,0.2057751178879007,0.1132864938276691,False,,1,True
pilot_holdout,Buss_Perry_Aggression_Questionnaire_Aggression,aggr_h_3,I wonder why sometimes I feel so bitter about things,12,False,False,False,0.48850065865747716,0.2098440368173347,0.18519582084146444,False,,1,True
pilot_holdout,Buss_Perry_Aggression_Questionnaire_Aggression,aggr_p_1,"Given enough provocation, I may hit another person",12,False,False,False,0.6001624773171522,0.2787893141548196,0.2483080726686488,False,,1,True
pilot_holdout,Buss_Perry_Aggression_Questionnaire_Aggression,aggr_p_2,There are people who pushed me so far that we came to blows,12,False,False,False,0.6366820628604762,0.20786111927237813,0.26894926683063325,False,,1,True
pilot_holdout,Buss_Perry_Aggression_Questionnaire_Aggression,aggr_p_3,I have threatened people I know,12,False,False,False,0.5752297902165385,0.2630724362700309,0.23421589643589155,False,,1,True
pilot_holdout,Buss_Perry_Aggression_Questionnaire_Aggression,aggr_v_1,I often find myself disagreeing with people,12,False,False,False,0.6353017826911646,0.2449366574610371,0.26816912021755357,False,,1,True
pilot_holdout,Buss_Perry_Aggression_Questionnaire_Aggression,aggr_v_2,I can't help getting into arguments when people disagree with me,12,False,False,False,0.6327034134929617,0.30172567980440096,0.2667004988647456,False,,1,True
pilot_holdout,Buss_Perry_Aggression_Questionnaire_Aggression,aggr_v_3,My friends say that I'm somewhat argumentative,12,False,False,False,0.5751352743102435,0.2638596062912718,0.23416247520604438,False,,1,True
pilot_holdout,Buss_Perry_Aggression_Questionnaire_Aggression_Anger,aggr_a_1,I flare up quickly but get over it quickly,3,False,False,False,0.5361158574084466,0.29789624376006885,-0.008755393543742458,False,,1,True
pilot_holdout,Buss_Perry_Aggression_Questionnaire_Aggression_Anger,aggr_a_2,Sometimes I fly off the handle for no good reason,3,False,False,False,0.6499862491038192,0.35852071802224095,0.09558439604169396,False,,1,True
pilot_holdout,Buss_Perry_Aggression_Questionnaire_Aggression_Anger,aggr_a_3,I have trouble controlling my temper,3,False,False,False,0.6465040351187838,0.39733911341734884,0.09239363267396931,False,,1,True
pilot_holdout,Buss_Perry_Aggression_Questionnaire_Aggression_Hostility,aggr_h_1,At times I feel I have gotten a raw deal out of life,3,False,False,False,0.7869765743534244,0.30896900110202263,0.3562827989270383,False,,1,True
pilot_holdout,Buss_Perry_Aggression_Questionnaire_Aggression_Hostility,aggr_h_2,Other people always seem to get the breaks,3,False,False,False,0.6656972375669938,0.35521371977228317,0.22432282281107585,False,,1,True
pilot_holdout,Buss_Perry_Aggression_Questionnaire_Aggression_Hostility,aggr_h_3,I wonder why sometimes I feel so bitter about things,3,False,False,False,0.7234590663181886,0.31068535841396405,0.28717153013740726,False,,1,True
pilot_holdout,Buss_Perry_Aggression_Questionnaire_Aggression_Physical_aggression,aggr_p_1,"Given enough provocation, I may hit another person",3,False,False,False,0.8128223716838467,0.42063686743170203,0.47531436064984095,False,,1,True
pilot_holdout,Buss_Perry_Aggression_Questionnaire_Aggression_Physical_aggression,aggr_p_2,There are people who pushed me so far that we came to blows,3,False,False,False,0.8016895511237518,0.3580678835394199,0.46195596877351364,False,,1,True
pilot_holdout,Buss_Perry_Aggression_Questionnaire_Aggression_Physical_aggression,aggr_p_3,I have threatened people I know,3,False,False,False,0.7853097224292931,0.413033310860226,0.442301635050397,False,,1,True
pilot_holdout,Buss_Perry_Aggression_Questionnaire_Aggression_Verbal_aggression,aggr_v_1,I often find myself disagreeing with people,3,False,False,False,0.8127155805752921,0.47837151079098184,0.529624978665737,False,,1,True
pilot_holdout,Buss_Perry_Aggression_Questionnaire_Aggression_Verbal_aggression,aggr_v_2,I can't help getting into arguments when people disagree with me,3,False,False,False,0.8720127574379075,0.4835004606403409,0.6047482517041239,False,,1,True
pilot_holdout,Buss_Perry_Aggression_Questionnaire_Aggression_Verbal_aggression,aggr_v_3,My friends say that I'm somewhat argumentative,3,False,False,False,0.8490608578009196,0.5180045711108389,0.5756706140423195,False,,1,True
pilot_holdout,Emotion_Regulation_Questionnaire_Emotion_Regulation,erreap_1,"When I want to feel more positive emotion (such as joy or amusement), I change what I'm thinking about",10,False,False,False,0.8088061799757623,0.27556746378584884,0.36552972973360015,False,0.8412640463146478,1,True
pilot_holdout,Emotion_Regulation_Questionnaire_Emotion_Regulation,erreap_2,"When I want to feel less negative emotion (such as sadness or anger), I change what I'm thinking about",10,False,False,False,0.7955418464482292,0.2924352084556904,0.35771287169970445,False,0.8852903982234404,1,True
pilot_holdout,Emotion_Regulation_Questionnaire_Emotion_Regulation,erreap_3,"When I'm faced with a stressful situation, I make myself think about it in a way that helps me stay calm",10,False,False,False,0.5165799284294227,0.2309062150203754,0.19331669563175952,False,0.5623909933134301,1,True
pilot_holdout,Emotion_Regulation_Questionnaire_Emotion_Regulation,erreap_4,"When I want to feel more positive emotion, I change the way I'm thinking about the situation",10,False,False,False,0.8663999780256831,0.3101062917127503,0.39947056377962264,False,0.8494385083333155,1,True
pilot_holdout,Emotion_Regulation_Questionnaire_Emotion_Regulation,erreap_5,I control my emotions by changing the way I think about the situation I'm in,10,False,False,False,0.6098743759325534,0.28948732784558956,0.24829642378537922,False,0.7072367888206484,1,True
pilot_holdout,Emotion_Regulation_Questionnaire_Emotion_Regulation,erreap_6,"When I want to feel less negative emotion, I change the way I'm thinking about the situation",10,False,False,False,0.839953049232082,0.32472338156149416,0.3838850172172559,False,0.9019060322345289,1,True
pilot_holdout,Emotion_Regulation_Questionnaire_Emotion_Regulation,ersup_1,I keep my emotions to myself,10,True,True,False,0.34910800497987754,-0.03662111299456813,-0.09462313914426519,False,0.016988872715215066,1,True
pilot_holdout,Emotion_Regulation_Questionnaire_Emotion_Regulation,ersup_2,"When I am feeling positive emotions, I am careful not to express them",10,True,True,False,0.1390627810598105,-0.10788290349191137,0.029159461215782292,False,0.23893790004307877,1,True
pilot_holdout,Emotion_Regulation_Questionnaire_Emotion_Regulation,ersup_3,I control my emotions by not expressing them,10,True,True,False,0.2788316837367727,-0.07223595566376183,-0.05320831606540311,False,0.1169788663177378,1,True
pilot_holdout,Emotion_Regulation_Questionnaire_Emotion_Regulation,ersup_4,"When I am feeling negative emotions, I make sure not to express them",10,False,False,False,0.09966856941499186,-0.11487042408969333,-0.05237502339578884,False,0.3478252323563478,1,True
pilot_holdout,Emotion_Regulation_Questionnaire_Emotion_Regulation_Reappraisal,erreap_1,"When I want to feel more positive emotion (such as joy or amusement), I change what I'm thinking about",6,False,False,False,0.8759157091589846,0.4469296043821032,0.6477493618778662,False,,1,True
pilot_holdout,Emotion_Regulation_Questionnaire_Emotion_Regulation_Reappraisal,erreap_2,"When I want to feel less negative emotion (such as sadness or anger), I change what I'm thinking about",6,False,False,False,0.8997791106386972,0.48789475129181403,0.6708454008746847,False,,1,True
pilot_holdout,Emotion_Regulation_Questionnaire_Emotion_Regulation_Reappraisal,erreap_3,"When I'm faced with a stressful situation, I make myself think about it in a way that helps me stay calm",6,False,False,False,0.5481438445420607,0.37578507353122825,0.33051747967162914,False,,1,True
pilot_holdout,Emotion_Regulation_Questionnaire_Emotion_Regulation_Reappraisal,erreap_4,"When I want to feel more positive emotion, I change the way I'm thinking about the situation",6,False,False,False,0.8894405882393459,0.49899094224595836,0.6608393287433544,False,,1,True
pilot_holdout,Emotion_Regulation_Questionnaire_Emotion_Regulation_Reappraisal,erreap_5,I control my emotions by changing the way I think about the situation I'm in,6,False,False,False,0.7091989550157713,0.4889574668438324,0.4863936281452669,False,,1,True
pilot_holdout,Emotion_Regulation_Questionnaire_Emotion_Regulation_Reappraisal,erreap_6,"When I want to feel less negative emotion, I change the way I'm thinking about the situation",6,False,False,False,0.9167394991627769,0.5228559055661051,0.6872604033665274,False,,1,True
pilot_holdout,Emotion_Regulation_Questionnaire_Emotion_Regulation_Suppression,ersup_1,I keep my emotions to myself,4,False,False,False,0.7201491862586719,0.39881724083162623,0.40481344849299705,False,,1,True
pilot_holdout,Emotion_Regulation_Questionnaire_Emotion_Regulation_Suppression,ersup_2,"When I am feeling positive emotions, I am careful not to express them",4,False,False,False,0.8426196655484054,0.2524243907250605,0.530344646585574,False,,1,True
pilot_holdout,Emotion_Regulation_Questionnaire_Emotion_Regulation_Suppression,ersup_3,I control my emotions by not expressing them,4,False,False,False,0.7825516601813011,0.44082184281839193,0.46877545273172055,False,,1,True
pilot_holdout,Emotion_Regulation_Questionnaire_Emotion_Regulation_Suppression,ersup_4,"When I am feeling negative emotions, I make sure not to express them",4,False,False,False,0.7296539346030003,0.4179254185234261,0.41455573458636147,False,,1,True
pilot_holdout,Hope_Scale_Hope,hope_a_1,I energetically pursue my goals,8,False,False,False,0.6387977347809689,0.3486184851723033,0.2813312202116616,False,,1,True
pilot_holdout,Hope_Scale_Hope,hope_a_2,My past experiences have prepared me well for my future,8,False,False,False,0.5373441552776138,0.324347742750232,0.2139618081523735,False,,1,True
pilot_holdout,Hope_Scale_Hope,hope_a_3,I've been pretty successful in life,8,False,False,False,0.5975303870742534,0.3271071385319929,0.2539279785926147,False,,1,True
pilot_holdout,Hope_Scale_Hope,hope_a_4,I meet the goals that I set for myself,8,False,False,False,0.6481766119257185,0.3123627643021173,0.287559186165265,False,,1,True
pilot_holdout,Hope_Scale_Hope,hope_p_1,I can think of many ways to get out of a jam,8,False,False,False,0.5045157017602883,0.3183293558026324,0.19216234456415443,False,,1,True
pilot_holdout,Hope_Scale_Hope,hope_p_2,There are lots of ways around any problem,8,False,False,False,0.4480306844141493,0.2414383680615233,0.15465393502950373,False,,1,True
pilot_holdout,Hope_Scale_Hope,hope_p_3,I can think of many ways to get the things in life that are most important to me,8,False,False,False,0.666056853274553,0.3279813653584944,0.29943241284731953,False,,1,True
pilot_holdout,Hope_Scale_Hope,hope_p_4,"Even when others get discouraged, I know I can find a way to solve the problem",8,False,False,False,0.6078400926596955,0.2901621480828685,0.26077405348909116,False,,1,True
pilot_holdout,Hope_Scale_Hope_Agency,hope_a_1,I energetically pursue my goals,4,False,False,False,0.7935781950024935,0.39671616782703945,0.45710195854046415,False,,1,True
pilot_holdout,Hope_Scale_Hope_Agency,hope_a_2,My past experiences have prepared me well for my future,4,False,False,False,0.6487177727254638,0.3868266676774435,0.31281524440872627,False,,1,True
pilot_holdout,Hope_Scale_Hope_Agency,hope_a_3,I've been pretty successful in life,4,False,False,False,0.7223615518336204,0.43040423937310207,0.38616736320511325,False,,1,True
pilot_holdout,Hope_Scale_Hope_Agency,hope_a_4,I meet the goals that I set for myself,4,False,False,False,0.8234612197819878,0.4244206564699953,0.4868666339844226,False,,1,True
pilot_holdout,Hope_Scale_Hope_Pathways,hope_p_1,I can think of many ways to get out of a jam,4,False,False,False,0.7511472566532351,0.3646733059303096,0.37576415292050597,False,,1,True
pilot_holdout,Hope_Scale_Hope_Pathways,hope_p_2,There are lots of ways around any problem,4,False,False,False,0.6964595590214272,0.2978928094877829,0.3241379124247263,False,,1,True
pilot_holdout,Hope_Scale_Hope_Pathways,hope_p_3,I can think of many ways to get the things in life that are most important to me,4,False,False,False,0.6979267936743518,0.35539827487137493,0.32552301021336616,False,,1,True
pilot_holdout,Hope_Scale_Hope_Pathways,hope_p_4,"Even when others get discouraged, I know I can find a way to solve the problem",4,False,False,False,0.6865242061048392,0.3065119230054833,0.3147587477991541,False,,1,True
pilot_holdout,International_Personality_Item_Pool_120_agreeableness,ip_a1_1,I trust others,24,False,False,False,0.4333206904240013,0.19179473988814677,0.10863482232887034,False,0.5707049116707722,2,True
pilot_holdout,International_Personality_Item_Pool_120_agreeableness,ip_a1_2,I believe that others have good intentions,24,False,False,False,0.5521264594259142,0.21680939378852046,0.14972632460258173,False,0.602934067588833,2,True
pilot_holdout,International_Personality_Item_Pool_120_agreeableness,ip_a1_3,I trust what people say,24,False,False,False,0.3407998851521155,0.19312959002535504,0.07857062813495871,False,0.455852937830974,2,True
pilot_holdout,International_Personality_Item_Pool_120_agreeableness,ip_a1_4,I distrust people,24,True,True,False,0.39117904838339274,-0.21210576077252608,-0.10941642643341085,True,-0.09640524710642691,2,True
pilot_holdout,International_Personality_Item_Pool_120_agreeableness,ip_a2_1,I know how to get around the rules,24,True,True,False,0.1843441359226786,-0.10063407961767688,-0.05605785715436888,False,0.06423238181581419,2,True
pilot_holdout,International_Personality_Item_Pool_120_agreeableness,ip_a2_2,I cheat to get ahead,24,True,True,False,0.3911837950886587,-0.2644423494739109,-0.12459673857091777,True,-0.08836526918152669,2,True
pilot_holdout,International_Personality_Item_Pool_120_agreeableness,ip_a2_3,I take advantage of others,24,True,True,False,0.3637176460714276,-0.27509847958508,-0.12356766862299301,False,0.05599505964722616,2,True
pilot_holdout,International_Personality_Item_Pool_120_agreeableness,ip_a2_4,I use others for my own ends,24,True,True,False,0.48749227851958277,-0.2566008198919512,-0.1649014866099179,True,-0.09476956727056778,2,True
pilot_holdout,International_Personality_Item_Pool_120_agreeableness,ip_a3_1,I make people feel welcome,24,False,False,False,0.5675121866916515,0.22032219709131323,0.16755493368562205,False,0.5981776919752713,2,True
pilot_holdout,International_Personality_Item_Pool_120_agreeableness,ip_a3_2,I love to help others,24,False,False,False,0.6375016110021479,0.2576712638001251,0.19329336048290569,False,0.6647756327444178,2,True
pilot_holdout,International_Personality_Item_Pool_120_agreeableness,ip_a3_3,I am concerned about others,24,False,False,False,0.22165441113663986,0.2538713898868372,0.04197049130807576,False,0.4055091077972815,2,True
pilot_holdout,International_Personality_Item_Pool_120_agreeableness,ip_a3_4,I turn my back on others,24,True,True,False,0.6408144515071873,-0.24978749114483279,-0.22109556595195565,True,-0.27779049400149153,2,True
pilot_holdout,International_Personality_Item_Pool_120_agreeableness,ip_a4_1,I love a good fight,24,True,True,False,0.2475677442428733,-0.19881417564550752,-0.0715928282124811,True,-0.020216415345281718,2,True
pilot_holdout,International_Personality_Item_Pool_120_agreeableness,ip_a4_2,I yell at people,24,True,True,False,0.4938456232674786,-0.21538769109646919,-0.16839113917053092,True,-0.13945480071825497,2,True
pilot_holdout,International_Personality_Item_Pool_120_agreeableness,ip_a4_3,I insult people,24,True,True,False,0.5028820153742524,-0.2531823491384239,-0.1653274365069158,True,-0.17249966023373464,2,True
pilot_holdout,International_Personality_Item_Pool_120_agreeableness,ip_a4_4,I get back at others,24,True,True,False,0.5691715565849982,-0.21194753711609524,-0.19413317633925378,True,-0.15590055087159954,2,True
pilot_holdout,International_Personality_Item_Pool_120_agreeableness,ip_a5_1,I believe that I am better than others,24,True,False,True,-0.3372518975381883,-0.17424202682917608,0.08211039662701088,False,0.31776264477592553,2,True
pilot_holdout,International_Personality_Item_Pool_120_agreeableness,ip_a5_2,I think highly of myself,24,False,False,False,0.2712434877422737,-0.0691853348045881,0.005424220811590812,False,0.43182170260223957,2,True
pilot_holdout,International_Personality_Item_Pool_120_agreeableness,ip_a5_3,I have a high opinion of myself,24,False,False,False,0.1828858955131572,-0.050665793536292095,-0.028849847013222022,False,0.38029736292593713,2,True
pilot_holdout,International_Personality_Item_Pool_120_agreeableness,ip_a5_4,I boast about my virtues,24,True,False,True,-0.27346503766343594,-0.1465596740178537,0.055139035185992114,False,0.36047505774203153,2,True
pilot_holdout,International_Personality_Item_Pool_120_agreeableness,ip_a6_1,I sympathize with the homeless,24,False,False,False,0.5621645013803531,0.19745180080663396,0.17465822155926028,False,0.6192692394330368,2,True
pilot_holdout,International_Personality_Item_Pool_120_agreeableness,ip_a6_2,I feel sympathy for those who are worse off than myself,24,False,False,False,0.5074746282373619,0.23430229863163984,0.15361635426340542,False,0.6139896109050736,2,True
pilot_holdout,International_Personality_Item_Pool_120_agreeableness,ip_a6_3,I suffer from others' sorrows,24,False,False,False,0.0782378464601113,0.12997470150003504,-0.0133481357865088,False,0.2843360727571502,2,True
pilot_holdout,International_Personality_Item_Pool_120_agreeableness,ip_a6_4,I am not interested in other people's problems,24,True,True,False,0.4873842288370418,-0.25396382684515534,-0.15855844873781666,True,-0.29469610380490135,2,True
pilot_holdout,International_Personality_Item_Pool_120_agreeableness_altruism,ip_a3_1,I make people feel welcome,4,False,False,False,0.7360899423999988,0.37226020432618134,0.3130262704873328,False,0.7517045487715818,1,True
pilot_holdout,International_Personality_Item_Pool_120_agreeableness_altruism,ip_a3_2,I love to help others,4,False,False,False,0.8109550135889674,0.433475751529457,0.3787651903752127,False,0.8288583483397358,1,True
pilot_holdout,International_Personality_Item_Pool_120_agreeableness_altruism,ip_a3_3,I am concerned about others,4,False,False,False,0.4537046140863563,0.41205281507658004,0.0650640875800842,False,0.5645752634506156,1,True
pilot_holdout,International_Personality_Item_Pool_120_agreeableness_altruism,ip_a3_4,I turn my back on others,4,True,True,False,0.6335464578525836,-0.35120320404492583,-0.22298297247628499,True,-0.3118442111223363,1,True
pilot_holdout,International_Personality_Item_Pool_120_agreeableness_cooperation,ip_a4_1,I love a good fight,4,True,True,False,0.6136088337860278,-0.34991521140875675,-0.2851423265558936,False,,1,True
pilot_holdout,International_Personality_Item_Pool_120_agreeableness_cooperation,ip_a4_2,I yell at people,4,True,True,False,0.8323489272428033,-0.39637729018695284,-0.5056173526571083,False,,1,True
pilot_holdout,International_Personality_Item_Pool_120_agreeableness_cooperation,ip_a4_3,I insult people,4,True,True,False,0.784315208956309,-0.39994651379193913,-0.4572026559017283,False,,1,True
pilot_holdout,International_Personality_Item_Pool_120_agreeableness_cooperation,ip_a4_4,I get back at others,4,True,True,False,0.7935214695758278,-0.31629543752962,-0.46648193579187835,False,,1,True
pilot_holdout,International_Personality_Item_Pool_120_agreeableness_modesty,ip_a5_1,I believe that I am better than others,4,True,True,False,0.5981593879344258,-0.42842993843150384,-0.2606856617805664,False,,1,True
pilot_holdout,International_Personality_Item_Pool_120_agreeableness_modesty,ip_a5_2,I think highly of myself,4,True,True,False,0.8462534781862011,-0.5146887885593124,-0.5070624723058782,False,,1,True
pilot_holdout,International_Personality_Item_Pool_120_agreeableness_modesty,ip_a5_3,I have a high opinion of myself,4,True,True,False,0.834338746239157,-0.4848071269341605,-0.4952302128095005,False,,1,True
pilot_holdout,International_Personality_Item_Pool_120_agreeableness_modesty,ip_a5_4,I boast about my virtues,4,True,True,False,0.7004827209765669,-0.2954484976490462,-0.3623007240807518,False,,1,True
pilot_holdout,International_Personality_Item_Pool_120_agreeableness_morality,ip_a2_1,I know how to get around the rules,4,True,True,False,0.5967162182381668,-0.24575593359320302,-0.255563152313573,False,,1,True
pilot_holdout,International_Personality_Item_Pool_120_agreeableness_morality,ip_a2_2,I cheat to get ahead,4,True,True,False,0.7650315059421572,-0.4295489039623119,-0.4216727340209138,False,,1,True
pilot_holdout,International_Personality_Item_Pool_120_agreeableness_morality,ip_a2_3,I take advantage of others,4,True,True,False,0.8094080364663266,-0.43745214559825474,-0.4654677274736561,False,,1,True
pilot_holdout,International_Personality_Item_Pool_120_agreeableness_morality,ip_a2_4,I use others for my own ends,4,True,True,False,0.7895304130205496,-0.44367997787616753,-0.4458505925065648,False,,1,True
pilot_holdout,International_Personality_Item_Pool_120_agreeableness_sympathy,ip_a6_1,I sympathize with the homeless,4,False,False,False,0.8089325621618882,0.42451481036700867,0.37319040440251366,False,0.8208263486702293,1,True
pilot_holdout,International_Personality_Item_Pool_120_agreeableness_sympathy,ip_a6_2,I feel sympathy for those who are worse off than myself,4,False,False,False,0.813839534326943,0.46955101524588555,0.3774761662536066,False,0.8527155572133819,1,True
pilot_holdout,International_Personality_Item_Pool_120_agreeableness_sympathy,ip_a6_3,I suffer from others' sorrows,4,False,False,False,0.46557904302849845,0.3755605028332505,0.07330457578095383,False,0.5799751746261146,1,True
pilot_holdout,International_Personality_Item_Pool_120_agreeableness_sympathy,ip_a6_4,I am not interested in other people's problems,4,True,True,False,0.5318564183821144,-0.3671555694283537,-0.13119140238738156,True,-0.17464886801440252,1,True
pilot_holdout,International_Personality_Item_Pool_120_agreeableness_trust,ip_a1_1,I trust others,4,False,False,False,0.7349853573622042,0.5733163802888966,0.2830309925374665,False,0.8341613660427017,1,True
pilot_holdout,International_Personality_Item_Pool_120_agreeableness_trust,ip_a1_2,I believe that others have good intentions,4,False,False,False,0.6725058587325431,0.574259873080065,0.2306352085019506,False,0.656279935816153,1,True
pilot_holdout,International_Personality_Item_Pool_120_agreeableness_trust,ip_a1_3,I trust what people say,4,False,False,False,0.6883594344993004,0.5650489888029622,0.24393013804338848,False,0.7934617777740894,1,True
pilot_holdout,International_Personality_Item_Pool_120_agreeableness_trust,ip_a1_4,I distrust people,4,True,True,False,0.4199722281754395,-0.5639630361944711,-0.018858580030523122,True,-0.024771515304695835,1,True
pilot_holdout,International_Personality_Item_Pool_120_conscientiousness,ip_c1_1,I complete tasks successfully,24,False,False,False,0.7844630295030229,0.2914610726889084,0.24712532531688475,False,0.8157318937132664,3,True
pilot_holdout,International_Personality_Item_Pool_120_conscientiousness,ip_c1_2,I excel in what I do,24,False,False,False,0.6229826204402228,0.21774000059805615,0.1965872035262222,False,0.6538452521700615,3,True
pilot_holdout,International_Personality_Item_Pool_120_conscientiousness,ip_c1_3,I handle tasks smoothly,24,False,False,False,0.695038740114111,0.2411271912688119,0.22606000910991636,False,0.7099493061508239,3,True
pilot_holdout,International_Personality_Item_Pool_120_conscientiousness,ip_c1_4,I know how to get things done,24,False,False,False,0.6651761969584878,0.2698597026759858,0.19542580854900765,False,0.7230343678835226,3,True
pilot_holdout,International_Personality_Item_Pool_120_conscientiousness,ip_c2_1,I like order,24,False,False,False,0.3443078915246438,0.23681308426655176,0.07920244239446067,False,0.44134828935749926,3,True
pilot_holdout,International_Personality_Item_Pool_120_conscientiousness,ip_c2_2,I like to tidy up,24,False,False,False,0.4873678303208845,0.22481331316939754,0.1257306338345102,False,0.5399328782947376,3,True
pilot_holdout,International_Personality_Item_Pool_120_conscientiousness,ip_c2_3,I leave a mess in my room,24,True,True,False,0.4148995950137582,-0.23079041165382233,-0.1347684132915368,True,-0.20917705737804027,3,True
pilot_holdout,International_Personality_Item_Pool_120_conscientiousness,ip_c2_4,I leave my belongings around,24,True,True,False,0.2848073241108985,-0.21532409745442282,-0.06201149341198134,True,-0.12361597658905078,3,True
pilot_holdout,International_Personality_Item_Pool_120_conscientiousness,ip_c3_1,I keep my promises,24,False,False,False,0.43184524047899187,0.20476749121377402,0.12764131861579858,False,0.5061880659404151,3,True
pilot_holdout,International_Personality_Item_Pool_120_conscientiousness,ip_c3_2,I tell the truth,24,False,False,False,0.20486965683123703,0.17226116437556074,0.04524909663653674,False,0.29142036193042165,3,True
pilot_holdout,International_Personality_Item_Pool_120_conscientiousness,ip_c3_3,I break my promises,24,True,True,False,0.31594272427837405,-0.22308645689356568,-0.10135539422814688,True,-0.10662937084921584,3,True
pilot_holdout,International_Personality_Item_Pool_120_conscientiousness,ip_c3_4,I get others to do my duties,24,True,False,True,-0.5760301073067983,-0.21893418908786869,0.18930814389477527,False,0.547028551470887,3,True
pilot_holdout,International_Personality_Item_Pool_120_conscientiousness,ip_c4_1,I work hard,24,False,False,False,0.6597199138165102,0.30733246698922545,0.1792185223501386,False,0.6812714420848319,3,True
pilot_holdout,International_Personality_Item_Pool_120_conscientiousness,ip_c4_2,I do more than what's expected of me,24,False,False,False,0.14819242021006054,0.2520517732538544,-0.02144893190645,False,0.28463464771941627,3,True
pilot_holdout,International_Personality_Item_Pool_120_conscientiousness,ip_c4_3,I set high standards for myself and others,24,False,False,False,0.3486543286356449,0.18633709797477643,0.07554068997041115,False,0.4346843914373319,3,True
pilot_holdout,International_Personality_Item_Pool_120_conscientiousness,ip_c4_4,I am not highly motivated to succeed,24,True,True,False,0.5105797094023388,-0.21896326997164384,-0.16086803942163885,True,-0.3355558468127659,3,True
pilot_holdout,International_Personality_Item_Pool_120_conscientiousness,ip_c5_1,I start tasks right away,24,False,False,False,0.6674588075439138,0.20042583191262936,0.1752096998341006,False,0.6537398284881486,3,True
pilot_holdout,International_Personality_Item_Pool_120_conscientiousness,ip_c5_2,I find it difficult to get down to work,24,True,True,False,0.5137699199678548,-0.2980920362388884,-0.17789019954707244,True,-0.35243694911551826,3,True
pilot_holdout,International_Personality_Item_Pool_120_conscientiousness,ip_c5_3,I need a push to get started,24,True,False,True,-0.2633893944344698,-0.264965145145749,0.03945757877040251,False,0.24500462662590408,3,True
pilot_holdout,International_Personality_Item_Pool_120_conscientiousness,ip_c5_4,I have difficulty starting tasks,24,True,True,False,0.5661438423252098,-0.29624754272565185,-0.20299587961234633,True,-0.37023112787884327,3,True
pilot_holdout,International_Personality_Item_Pool_120_conscientiousness,ip_c6_1,I jump into things without thinking,24,True,True,False,0.28491338437617003,-0.204054876125316,-0.12155877623331114,True,-0.09475499375551312,3,True
pilot_holdout,International_Personality_Item_Pool_120_conscientiousness,ip_c6_2,I make rash decisions,24,True,True,False,0.2709508853500894,-0.21645261868787316,-0.09821930763167191,True,-0.08907851175546161,3,True
pilot_holdout,International_Personality_Item_Pool_120_conscientiousness,ip_c6_3,I rush into things,24,True,False,True,-0.43348556341608085,-0.2069067600044284,0.11418887908441366,False,0.41475280742416853,3,True
pilot_holdout,International_Personality_Item_Pool_120_conscientiousness,ip_c6_4,I act without thinking,24,True,True,False,0.43601998758369936,-0.20601933037152478,-0.14838766413141197,True,-0.21041156529986502,3,True
pilot_holdout,International_Personality_Item_Pool_120_conscientiousness_achievement_striving,ip_c4_1,I work hard,4,False,False,False,0.6996991781794234,0.4133251707643022,0.23302428776571849,False,0.6949539043441688,1,True
pilot_holdout,International_Personality_Item_Pool_120_conscientiousness_achievement_striving,ip_c4_2,I do more than what's expected of me,4,False,False,False,0.5408519900630216,0.3484027167841604,0.10444858211181031,False,0.656796871259296,1,True
pilot_holdout,International_Personality_Item_Pool_120_conscientiousness_achievement_striving,ip_c4_3,I set high standards for myself and others,4,False,False,False,0.6376353338520445,0.322122038655979,0.18278794002414267,False,0.7037224386038466,1,True
pilot_holdout,International_Personality_Item_Pool_120_conscientiousness_achievement_striving,ip_c4_4,I am not highly motivated to succeed,4,True,True,False,0.550103992283457,-0.3172378570828105,-0.11193743179375924,True,-0.1633746881546121,1,True
pilot_holdout,International_Personality_Item_Pool_120_conscientiousness_cautiousness,ip_c6_1,I jump into things without thinking,4,True,True,False,0.8700177165289116,-0.6439671840061346,-0.470512826474171,False,,1,True
pilot_holdout,International_Personality_Item_Pool_120_conscientiousness_cautiousness,ip_c6_2,I make rash decisions,4,True,True,False,0.6720186846392855,-0.6253396987233707,-0.28757314788339533,False,,1,True
pilot_holdout,International_Personality_Item_Pool_120_conscientiousness_cautiousness,ip_c6_3,I rush into things,4,True,True,False,0.49949816076602754,-0.5967893766811104,-0.1281741402898657,False,,1,True
pilot_holdout,International_Personality_Item_Pool_120_conscientiousness_cautiousness,ip_c6_4,I act without thinking,4,True,True,False,0.7302923027459212,-0.613634096088278,-0.3414146079400902,False,,1,True
pilot_holdout,International_Personality_Item_Pool_120_conscientiousness_dutifulness,ip_c3_1,I keep my promises,4,False,False,False,0.48153556941138814,0.4290756991007336,-0.055815012567357075,False,0.781579922633153,1,True
pilot_holdout,International_Personality_Item_Pool_120_conscientiousness_dutifulness,ip_c3_2,I tell the truth,4,False,False,False,0.5757936112557862,0.3473135028528183,-0.0014922685106272076,False,0.7815799226331527,1,True
pilot_holdout,International_Personality_Item_Pool_120_conscientiousness_dutifulness,ip_c3_3,I break my promises,4,True,True,False,0.3185679800141047,-0.4171959574279834,0.14973640617094167,False,0.21591775723156986,1,True
pilot_holdout,International_Personality_Item_Pool_120_conscientiousness_dutifulness,ip_c3_4,I get others to do my duties,4,True,True,False,0.35306122824025893,-0.2892180745825001,0.12985727587702092,False,0.17776593861726658,1,True
pilot_holdout,International_Personality_Item_Pool_120_conscientiousness_orderliness,ip_c2_1,I like order,4,False,False,False,0.574586341737776,0.36857376854007246,0.10882371210311648,False,0.7797108482574566,1,True
pilot_holdout,International_Personality_Item_Pool_120_conscientiousness_orderliness,ip_c2_2,I like to tidy up,4,False,False,False,0.5473697572354922,0.47837757096334776,0.0878799414001693,False,0.7797108482574563,1,True
pilot_holdout,International_Personality_Item_Pool_120_conscientiousness_orderliness,ip_c2_3,I leave a mess in my room,4,True,True,False,0.630396300616729,-0.475577975364937,-0.15177072412086698,True,-0.10566997047344169,1,True
pilot_holdout,International_Personality_Item_Pool_120_conscientiousness_orderliness,ip_c2_4,I leave my belongings around,4,True,True,False,0.5562147207101074,-0.38147038886236473,-0.09468633868608634,False,0.004148404304252259,1,True
pilot_holdout,International_Personality_Item_Pool_120_conscientiousness_self_discipline,ip_c5_1,I start tasks right away,4,False,False,False,0.5238912541440205,0.49686586276034905,0.114040799776873,False,1.0,1,True
pilot_holdout,International_Personality_Item_Pool_120_conscientiousness_self_discipline,ip_c5_2,I find it difficult to get down to work,4,True,True,False,0.8266035180349985,-0.6105309175056391,-0.37254031769939466,True,-0.3240981337858413,1,True
pilot_holdout,International_Personality_Item_Pool_120_conscientiousness_self_discipline,ip_c5_3,I need a push to get started,4,True,True,False,0.38369622613128684,-0.5679409640648144,0.00567799420458906,False,0.2893756571557834,1,True
pilot_holdout,International_Personality_Item_Pool_120_conscientiousness_self_discipline,ip_c5_4,I have difficulty starting tasks,4,True,True,False,0.8276429485523821,-0.6382640430840576,-0.3734279338276741,True,-0.30739992270056143,1,True
pilot_holdout,International_Personality_Item_Pool_120_conscientiousness_self_efficacy,ip_c1_1,I complete tasks successfully,4,False,False,False,0.8763900307095981,0.45251295451332246,0.6280509313658703,False,,1,True
pilot_holdout,International_Personality_Item_Pool_120_conscientiousness_self_efficacy,ip_c1_2,I excel in what I do,4,False,False,False,0.7634110346318491,0.38971977898609217,0.5041149835975961,False,,1,True
pilot_holdout,International_Personality_Item_Pool_120_conscientiousness_self_efficacy,ip_c1_3,I handle tasks smoothly,4,False,False,False,0.8475331006756796,0.4521649687359391,0.5963953927472113,False,,1,True
pilot_holdout,International_Personality_Item_Pool_120_conscientiousness_self_efficacy,ip_c1_4,I know how to get things done,4,False,False,False,0.803612436561591,0.4424100515103562,0.5482152059641247,False,,1,True
pilot_holdout,International_Personality_Item_Pool_120_extraversion,ip_e1_1,I make friends easily,24,False,False,False,0.5922752875486021,0.34273930690077054,0.2645581824394959,False,0.5870879142142534,1,True
pilot_holdout,International_Personality_Item_Pool_120_extraversion,ip_e1_2,I warm up quickly to others,24,False,False,False,0.4799713932629402,0.2773803650401376,0.20615005214472418,False,0.48867535005684587,1,True
pilot_holdout,International_Personality_Item_Pool_120_extraversion,ip_e1_3,I feel comfortable around people,24,False,False,False,0.5071728704004921,0.3628099402317897,0.22029726788435874,False,0.5145322883738565,1,True
pilot_holdout,International_Personality_Item_Pool_120_extraversion,ip_e1_4,I act comfortably with others,24,False,False,False,0.5324150669772894,0.30974872669008735,0.23342548143351302,False,0.5349934574330133,1,True
pilot_holdout,International_Personality_Item_Pool_120_extraversion,ip_e2_1,I love large parties,24,False,False,False,0.5743317627329437,0.2862961858623375,0.2552259349511356,False,0.5749133067231499,1,True
pilot_holdout,International_Personality_Item_Pool_120_extraversion,ip_e2_2,I talk to a lot of different people at parties,24,False,False,False,0.6006533718719828,0.33357407671889666,0.2689155401597532,False,0.5871230123320345,1,True
pilot_holdout,International_Personality_Item_Pool_120_extraversion,ip_e2_3,I don't like crowded events,24,True,True,False,0.5163130464953256,-0.29526794172610227,-0.22505098189988743,True,-0.4027689276148009,1,True
pilot_holdout,International_Personality_Item_Pool_120_extraversion,ip_e2_4,I avoid crowds,24,True,True,False,0.5582855840522719,-0.2838273839033418,-0.24688047817890751,True,-0.4429870477912085,1,True
pilot_holdout,International_Personality_Item_Pool_120_extraversion,ip_e3_1,I take charge,24,False,False,False,0.5576634572260616,0.2836118018119388,0.24655691624940979,False,0.5587784589618265,1,True
pilot_holdout,International_Personality_Item_Pool_120_extraversion,ip_e3_2,I try to lead others,24,False,False,False,0.48721976482602625,0.2620823139443601,0.20991985757644646,False,0.5066372602040424,1,True
pilot_holdout,International_Personality_Item_Pool_120_extraversion,ip_e3_3,I take control of things,24,False,False,False,0.4296490400892914,0.25673993369964854,0.17997790041657838,False,0.4379505059852551,1,True
pilot_holdout,International_Personality_Item_Pool_120_extraversion,ip_e3_4,I wait for others to lead the way,24,True,True,False,0.2796891226127116,-0.23734273627326757,-0.10198524971930385,True,-0.18894593732903792,1,True
pilot_holdout,International_Personality_Item_Pool_120_extraversion,ip_e4_1,I am always busy,24,False,False,False,0.34117082598603665,0.17856557661214428,0.13396126768569191,False,0.34495485129168496,1,True
pilot_holdout,International_Personality_Item_Pool_120_extraversion,ip_e4_2,I am always on the go,24,False,False,False,0.3539692138110105,0.27933739100701876,0.14061758097205604,False,0.3632088967216446,1,True
pilot_holdout,International_Personality_Item_Pool_120_extraversion,ip_e4_3,I do a lot in my spare time,24,False,False,False,0.25026961956794974,0.2241672578886222,0.08668446092675289,False,0.25993000507425457,1,True
pilot_holdout,International_Personality_Item_Pool_120_extraversion,ip_e4_4,I can manage many things at the same time,24,False,False,False,0.42342387767887524,0.22438521408862164,0.1767402558140784,False,0.4344974232923137,1,True
pilot_holdout,International_Personality_Item_Pool_120_extraversion,ip_e5_1,I love excitement,24,False,False,False,0.6876469766878386,0.270315482034149,0.3141600424739092,False,0.7037098473328737,1,True
pilot_holdout,International_Personality_Item_Pool_120_extraversion,ip_e5_2,I seek adventure,24,False,False,False,0.43090523555314186,0.2661237229542123,0.18063123509205853,False,0.4447125617078143,1,True
pilot_holdout,International_Personality_Item_Pool_120_extraversion,ip_e5_3,I love action,24,False,False,False,0.5796523485638287,0.2662426179753441,0.25799311833717536,False,0.5767344326183561,1,True
pilot_holdout,International_Personality_Item_Pool_120_extraversion,ip_e5_4,I enjoy being reckless,24,False,False,False,0.4991284445873088,0.16774110782073948,0.2161134426124776,False,0.5084978771204122,1,True
pilot_holdout,International_Personality_Item_Pool_120_extraversion,ip_e6_1,I radiate joy,24,False,False,False,0.6394615786649915,0.25797340033524296,0.289099299710484,False,0.6498211326632445,1,True
pilot_holdout,International_Personality_Item_Pool_120_extraversion,ip_e6_2,I have a lot of fun,24,False,False,False,0.6706989607731543,0.32541823430769606,0.3053455491913809,False,0.6842551543980623,1,True
pilot_holdout,International_Personality_Item_Pool_120_extraversion,ip_e6_3,I love life,24,False,False,False,0.5367029629776057,0.24625330026096962,0.23565557318473826,False,0.5491986785415008,1,True
pilot_holdout,International_Personality_Item_Pool_120_extraversion,ip_e6_4,I laugh aloud,24,False,False,False,0.4333997601932091,0.22487077139628642,0.18192861236581492,False,0.4489022166752933,1,True
pilot_holdout,International_Personality_Item_Pool_120_extraversion_activiity_level,ip_e4_1,I am always busy,4,False,False,False,0.7473115890406883,0.40070289547645355,0.28656150836642225,False,,1,True
pilot_holdout,International_Personality_Item_Pool_120_extraversion_activiity_level,ip_e4_2,I am always on the go,4,False,False,False,0.6081335011372466,0.41545602942271326,0.17111330706162323,False,,1,True
pilot_holdout,International_Personality_Item_Pool_120_extraversion_activiity_level,ip_e4_3,I do a lot in my spare time,4,False,False,False,0.5081982119697326,0.36057973222644635,0.08821700093282524,False,,1,True
pilot_holdout,International_Personality_Item_Pool_120_extraversion_activiity_level,ip_e4_4,I can manage many things at the same time,4,False,False,False,0.6248562104672969,0.2825972805343964,0.18498479173410043,False,,1,True
pilot_holdout,International_Personality_Item_Pool_120_extraversion_assertiveness,ip_e3_1,I take charge,4,False,False,False,0.84906152120142,0.6136170870851166,0.43952823929938684,False,0.8670152850119884,1,True
pilot_holdout,International_Personality_Item_Pool_120_extraversion_assertiveness,ip_e3_2,I try to lead others,4,False,False,False,0.6722488220578923,0.5576005159194907,0.27858378791482646,False,0.7866701727548899,1,True
pilot_holdout,International_Personality_Item_Pool_120_extraversion_assertiveness,ip_e3_3,I take control of things,4,False,False,False,0.7854300986886625,0.5115625687346793,0.3816074879238212,False,0.8244705914807405,1,True
pilot_holdout,International_Personality_Item_Pool_120_extraversion_assertiveness,ip_e3_4,I wait for others to lead the way,4,True,True,False,0.4240212991062761,-0.49802891958476403,-0.05263371366384683,True,-0.06371719046485391,1,True
pilot_holdout,International_Personality_Item_Pool_120_extraversion_cheerfulness,ip_e6_1,I radiate joy,4,False,False,False,0.8075568961241317,0.3874982566149434,0.46340566392892996,False,,1,True
pilot_holdout,International_Personality_Item_Pool_120_extraversion_cheerfulness,ip_e6_2,I have a lot of fun,4,False,False,False,0.7493963316982063,0.426680006227856,0.4060242088223958,False,,1,True
pilot_holdout,International_Personality_Item_Pool_120_extraversion_cheerfulness,ip_e6_3,I love life,4,False,False,False,0.7413675592032838,0.3543436176727721,0.39810298843835495,False,,1,True
pilot_holdout,International_Personality_Item_Pool_120_extraversion_cheerfulness,ip_e6_4,I laugh aloud,4,False,False,False,0.6614917082408223,0.2738875334663092,0.31929714118877706,False,,1,True
pilot_holdout,International_Personality_Item_Pool_120_extraversion_excitement_seeking,ip_e5_1,I love excitement,4,False,False,False,0.750031428295936,0.3248132344918308,0.4100600710582998,False,,1,True
pilot_holdout,International_Personality_Item_Pool_120_extraversion_excitement_seeking,ip_e5_2,I seek adventure,4,False,False,False,0.7205668090923477,0.3849362669365488,0.3808562233893782,False,,1,True
pilot_holdout,International_Personality_Item_Pool_120_extraversion_excitement_seeking,ip_e5_3,I love action,4,False,False,False,0.7121832481718419,0.3654578634135735,0.37254685973007245,False,,1,True
pilot_holdout,International_Personality_Item_Pool_120_extraversion_excitement_seeking,ip_e5_4,I enjoy being reckless,4,False,False,False,0.790667531425532,0.284559064197514,0.45033653135990875,False,,1,True
pilot_holdout,International_Personality_Item_Pool_120_extraversion_friendliness,ip_e1_1,I make friends easily,4,False,False,False,0.8039837041145693,0.5459284668509342,0.4790268342940988,False,,1,True
pilot_holdout,International_Personality_Item_Pool_120_extraversion_friendliness,ip_e1_2,I warm up quickly to others,4,False,False,False,0.6325194486709739,0.4781756809142999,0.30577614453332363,False,,1,True
pilot_holdout,International_Personality_Item_Pool_120_extraversion_friendliness,ip_e1_3,I feel comfortable around people,4,False,False,False,0.8224044958087681,0.5807634415977221,0.4976395466562349,False,,1,True
pilot_holdout,International_Personality_Item_Pool_120_extraversion_friendliness,ip_e1_4,I act comfortably with others,4,False,False,False,0.7723484457891727,0.5502833598605151,0.44706197776201356,False,,1,True
pilot_holdout,International_Personality_Item_Pool_120_extraversion_gregariousness,ip_e2_1,I love large parties,4,False,False,False,0.6975927857708892,0.587192350082672,0.36185286481389606,False,0.8812320876467865,1,True
pilot_holdout,International_Personality_Item_Pool_120_extraversion_gregariousness,ip_e2_2,I talk to a lot of different people at parties,4,False,False,False,0.7410739776031737,0.5109046794688558,0.4051840532340752,False,0.8812320876467866,1,True
pilot_holdout,International_Personality_Item_Pool_120_extraversion_gregariousness,ip_e2_3,I don't like crowded events,4,True,True,False,0.7626292962963692,-0.6043056716057736,-0.42666500939908997,True,-0.31714735673299055,1,True
pilot_holdout,International_Personality_Item_Pool_120_extraversion_gregariousness,ip_e2_4,I avoid crowds,4,True,True,False,0.7883544025788288,-0.5677341381204205,-0.45230136802867865,True,-0.3607845988210211,1,True
pilot_holdout,International_Personality_Item_Pool_120_neuroticism,ip_n1_1,I worry about things,24,False,False,False,0.4378587986890276,0.2985885117776381,0.1789104433088644,False,0.5023202722163617,1,True
pilot_holdout,International_Personality_Item_Pool_120_neuroticism,ip_n1_2,I fear for the worst,24,False,False,False,0.4137659947933989,0.3172071040232396,0.16667369608712093,False,0.4584413254123351,1,True
pilot_holdout,International_Personality_Item_Pool_120_neuroticism,ip_n1_3,I am afraid of many things,24,False,False,False,0.5198130305920408,0.310569768551899,0.22053503893059984,False,0.5787142802445839,1,True
pilot_holdout,International_Personality_Item_Pool_120_neuroticism,ip_n1_4,I get stressed out easily,24,False,False,False,0.6402394181088898,0.3298102387383436,0.2816996617472398,False,0.6865587300325744,1,True
pilot_holdout,International_Personality_Item_Pool_120_neuroticism,ip_n2_1,I get angry easily,24,False,False,False,0.7054164539769069,0.2633131110053501,0.3148031110607562,False,0.7234341942771079,1,True
pilot_holdout,International_Personality_Item_Pool_120_neuroticism,ip_n2_2,I get irritated easily,24,False,False,False,0.6450278376689517,0.2711797361557204,0.2841317024512594,False,0.6630809087973797,1,True
pilot_holdout,International_Personality_Item_Pool_120_neuroticism,ip_n2_3,I lose my temper,24,False,False,False,0.6297095123389229,0.24147907764095172,0.2763515173081759,False,0.6482299538112581,1,True
pilot_holdout,International_Personality_Item_Pool_120_neuroticism,ip_n2_4,I rarely get irritated,24,True,True,False,0.5844409182217625,-0.2489789339106596,-0.25335957557756233,True,-0.44091452005358034,1,True
pilot_holdout,International_Personality_Item_Pool_120_neuroticism,ip_n3_1,I often feel blue,24,False,False,False,0.5172720820312188,0.3304703411933316,0.21924448987798947,False,0.5540320202109863,1,True
pilot_holdout,International_Personality_Item_Pool_120_neuroticism,ip_n3_2,I dislike myself,24,False,False,False,0.4339402448014425,0.32758822222365674,0.17692020781759982,False,0.48238551736628044,1,True
pilot_holdout,International_Personality_Item_Pool_120_neuroticism,ip_n3_3,I am often down in the dumps,24,False,False,False,0.4560920454498105,0.3253442132994948,0.18817111851337456,False,0.44756003133403927,1,True
pilot_holdout,International_Personality_Item_Pool_120_neuroticism,ip_n3_4,I have a low opinion of myself,24,False,False,False,0.565396388423324,0.314574829981413,0.24368684931000098,False,0.5913565059353003,1,True
pilot_holdout,International_Personality_Item_Pool_120_neuroticism,ip_n4_1,I find it difficult to approach others,24,False,False,False,0.5201545489760098,0.21051376036635452,0.22070849628966482,False,0.5591005901474594,1,True
pilot_holdout,International_Personality_Item_Pool_120_neuroticism,ip_n4_2,I am easily intimidated,24,False,False,False,0.5913717627698648,0.2884889835847876,0.25687975501104504,False,0.6501666142339343,1,True
pilot_holdout,International_Personality_Item_Pool_120_neuroticism,ip_n4_3,I am not embarrassed easily,24,True,True,False,0.5257777339727547,-0.22879483039861281,-0.2235645147790176,True,-0.3651067589216874,1,True
pilot_holdout,International_Personality_Item_Pool_120_neuroticism,ip_n4_4,I am able to stand up for myself,24,True,True,False,0.31966922653793756,-0.19066006916968484,-0.11888190014202686,True,-0.21736411508801037,1,True
pilot_holdout,International_Personality_Item_Pool_120_neuroticism,ip_n5_1,I often eat too much,24,False,False,False,0.24751523896867275,0.16029767222277605,0.08223485354874478,False,0.28988607771930724,1,True
pilot_holdout,International_Personality_Item_Pool_120_neuroticism,ip_n5_2,I go on binges,24,False,False,False,0.2502116771807913,0.1689976904591931,0.08360437587348882,False,0.27729940033916906,1,True
pilot_holdout,International_Personality_Item_Pool_120_neuroticism,ip_n5_3,I rarely overindulge,24,True,True,False,0.28676548082018094,-0.15580749712989816,-0.10217007113528506,True,-0.10939337159745213,1,True
pilot_holdout,International_Personality_Item_Pool_120_neuroticism,ip_n5_4,I am able to control my cravings,24,True,True,False,0.4123973753740181,-0.2471043727318594,-0.1659785735953478,True,-0.2573246692398723,1,True
pilot_holdout,International_Personality_Item_Pool_120_neuroticism,ip_n6_1,I feel that I'm unable to deal with things,24,False,False,False,0.6198705804289586,0.3295241322650408,0.2713543188402956,False,0.6354563015905534,1,True
pilot_holdout,International_Personality_Item_Pool_120_neuroticism,ip_n6_2,I know how to cope,24,True,True,False,0.41930690220445255,-0.2989771722166662,-0.16948792574930033,True,-0.28870135618556847,1,True
pilot_holdout,International_Personality_Item_Pool_120_neuroticism,ip_n6_3,I am calm even in tense situations,24,True,True,False,0.532735252660174,-0.27228469340714784,-0.22709824202128162,True,-0.3245046415691752,1,True
pilot_holdout,International_Personality_Item_Pool_120_neuroticism,ip_n6_4,I remain calm under pressure,24,True,True,False,0.40696306828087564,-0.27507285476430754,-0.16321848628827526,True,-0.1901027999987016,1,True
pilot_holdout,International_Personality_Item_Pool_120_neuroticism_anger,ip_n2_1,I get angry easily,4,False,False,False,0.9292236607733828,0.5933722770522993,0.7020051177330476,False,0.9598990131056464,1,True
pilot_holdout,International_Personality_Item_Pool_120_neuroticism_anger,ip_n2_2,I get irritated easily,4,False,False,False,0.8687109263698103,0.5834812591453761,0.6345819952363152,False,0.9004849154723016,1,True
pilot_holdout,International_Personality_Item_Pool_120_neuroticism_anger,ip_n2_3,I lose my temper,4,False,False,False,0.8542370402915476,0.5511832804729743,0.6184552311150618,False,0.8886767072916767,1,True
pilot_holdout,International_Personality_Item_Pool_120_neuroticism_anger,ip_n2_4,I rarely get irritated,4,True,True,False,0.6904201341805849,-0.4998620750158543,-0.4359308841884566,True,-0.4757234654999415,1,True
pilot_holdout,International_Personality_Item_Pool_120_neuroticism_anxiety,ip_n1_1,I worry about things,4,False,False,False,0.7680817519378318,0.520034737750576,0.40883431310608037,False,,1,True
pilot_holdout,International_Personality_Item_Pool_120_neuroticism_anxiety,ip_n1_2,I fear for the worst,4,False,False,False,0.753355392822884,0.5165940706056605,0.39460480269603887,False,,1,True
pilot_holdout,International_Personality_Item_Pool_120_neuroticism_anxiety,ip_n1_3,I am afraid of many things,4,False,False,False,0.7353886251905067,0.47065220874197977,0.3772442110478151,False,,1,True
pilot_holdout,International_Personality_Item_Pool_120_neuroticism_anxiety,ip_n1_4,I get stressed out easily,4,False,False,False,0.6419580296910502,0.4771155567796031,0.28696584550623,False,,1,True
pilot_holdout,International_Personality_Item_Pool_120_neuroticism_depression,ip_n3_1,I often feel blue,4,False,False,False,0.6209350350220832,0.5742486340664086,0.22913796450193133,False,,1,True
pilot_holdout,International_Personality_Item_Pool_120_neuroticism_depression,ip_n3_2,I dislike myself,4,False,False,False,0.6590475040407853,0.5957306004778009,0.2636619786154098,False,,1,True
pilot_holdout,International_Personality_Item_Pool_120_neuroticism_depression,ip_n3_3,I am often down in the dumps,4,False,False,False,0.6536295387464539,0.5709708297303623,0.2587541383441316,False,,1,True
pilot_holdout,International_Personality_Item_Pool_120_neuroticism_depression,ip_n3_4,I have a low opinion of myself,4,False,False,False,0.7839248597638374,0.5485381229474745,0.3767815875633624,False,,1,True
pilot_holdout,International_Personality_Item_Pool_120_neuroticism_immoderation,ip_n5_1,I often eat too much,4,False,False,False,0.6085712586283588,0.3731506146329597,0.13033051998819747,False,0.8929557641441145,1,True
pilot_holdout,International_Personality_Item_Pool_120_neuroticism_immoderation,ip_n5_2,I go on binges,4,False,False,False,0.6674608649764866,0.34737520963541574,0.17519787350322039,False,0.8929557641441146,1,True
pilot_holdout,International_Personality_Item_Pool_120_neuroticism_immoderation,ip_n5_3,I rarely overindulge,4,True,True,False,0.5529360898566295,-0.37242191361351457,-0.0879426872288349,False,0.01481862834287396,1,True
pilot_holdout,International_Personality_Item_Pool_120_neuroticism_immoderation,ip_n5_4,I am able to control my cravings,4,True,True,False,0.45669930738022263,-0.37028739872027483,-0.014620924556624596,False,0.13798558512234235,1,True
pilot_holdout,International_Personality_Item_Pool_120_neuroticism_self_consciousness,ip_n4_1,I find it difficult to approach others,4,False,False,False,0.7605314962743777,0.3172260600129263,0.3346352566964202,False,0.8910430374690779,1,True
pilot_holdout,International_Personality_Item_Pool_120_neuroticism_self_consciousness,ip_n4_2,I am easily intimidated,4,False,False,False,0.7341279575652864,0.34865995045101483,0.31144524469862017,False,0.8910430374690774,1,True
pilot_holdout,International_Personality_Item_Pool_120_neuroticism_self_consciousness,ip_n4_3,I am not embarrassed easily,4,True,True,False,0.5731089379311659,-0.3111222234347372,-0.17002355731307398,True,-0.21834661540110858,1,True
pilot_holdout,International_Personality_Item_Pool_120_neuroticism_self_consciousness,ip_n4_4,I am able to stand up for myself,4,True,True,False,0.5671070603383995,-0.27414721476902876,-0.16475215733449244,True,-0.20947263329769444,1,True
pilot_holdout,International_Personality_Item_Pool_120_neuroticism_vulnerability,ip_n6_1,I feel that I'm unable to deal with things,4,False,False,False,0.597344005083834,0.36162534300323074,0.22563749280365417,False,1.0000000000000002,1,True
pilot_holdout,International_Personality_Item_Pool_120_neuroticism_vulnerability,ip_n6_2,I know how to cope,4,True,True,False,0.6107489710891533,-0.4060657276149384,-0.2381813282796288,True,-0.21731821223625736,1,True
pilot_holdout,International_Personality_Item_Pool_120_neuroticism_vulnerability,ip_n6_3,I am calm even in tense situations,4,True,True,False,0.8026382758513506,-0.48062890303801614,-0.41774372833204776,True,-0.2714155375671849,1,True
pilot_holdout,International_Personality_Item_Pool_120_neuroticism_vulnerability,ip_n6_4,I remain calm under pressure,4,True,True,False,0.7965497521193581,-0.4638853535012144,-0.4120463293266811,True,-0.18817872860752044,1,True
pilot_holdout,International_Personality_Item_Pool_120_openness,ip_o1_1,I have a vivid imagination,24,False,False,False,0.4445210245081042,0.23326469991958781,0.14032638530161567,False,0.599568543583522,1,True
pilot_holdout,International_Personality_Item_Pool_120_openness,ip_o1_2,I love to daydream,24,False,False,False,0.3054180300538269,0.1692270788160664,0.08280879835437766,False,0.5404853157643771,1,True
pilot_holdout,International_Personality_Item_Pool_120_openness,ip_o1_3,I like to get lost in thought,24,False,False,False,0.37534895553870307,0.180415595484149,0.11172448131761756,False,0.5593972104228342,1,True
pilot_holdout,International_Personality_Item_Pool_120_openness,ip_o1_4,I spend time reflecting on things,24,False,False,False,0.40081463726991556,0.2043899079269482,0.12225426587683595,False,0.5483861313845748,1,True
pilot_holdout,International_Personality_Item_Pool_120_openness,ip_o2_1,I see beauty in things that others might not notice,24,False,False,False,0.31531204799399654,0.21821590499390475,0.0868998679921222,False,0.42305706853475356,1,True
pilot_holdout,International_Personality_Item_Pool_120_openness,ip_o2_2,I do not like art,24,True,True,False,0.633579245021395,-0.2639323885248171,-0.21849991908587646,True,-0.21754300868535786,1,True
pilot_holdout,International_Personality_Item_Pool_120_openness,ip_o2_3,I do not like poetry,24,True,True,False,0.5748728197034852,-0.2454305118674319,-0.1942254458020228,True,-0.1819848501207461,1,True
pilot_holdout,International_Personality_Item_Pool_120_openness,ip_o2_4,I do not enjoy going to art museums,24,True,True,False,0.5872653334060259,-0.23325691460215142,-0.19934961647266206,True,-0.23573045387165112,1,True
pilot_holdout,International_Personality_Item_Pool_120_openness,ip_o3_1,I experience my emotions intensely,24,False,False,False,0.39779266429271515,0.11559720999634805,0.12100471266520138,False,0.5771553663317398,1,True
pilot_holdout,International_Personality_Item_Pool_120_openness,ip_o3_2,I feel others' emotions,24,False,False,False,0.4324405407710964,0.17588551905075525,0.13533123565416194,False,0.5495361537218525,1,True
pilot_holdout,International_Personality_Item_Pool_120_openness,ip_o3_3,I rarely notice my emotional reactions,24,True,True,False,0.406255129117396,-0.13980961985527451,-0.12450385053963094,True,-0.22995153375868083,1,True
pilot_holdout,International_Personality_Item_Pool_120_openness,ip_o3_4,I don't understand people who get emotional,24,True,True,False,0.3904293792371581,-0.1894258989381699,-0.11796007376248167,True,-0.15002273806156713,1,True
pilot_holdout,International_Personality_Item_Pool_120_openness,ip_o4_1,I prefer to stick with things that I know,24,True,True,False,0.2904087591462888,-0.16282256042392662,-0.076602626820646,True,-0.02771792801364061,1,True
pilot_holdout,International_Personality_Item_Pool_120_openness,ip_o4_2,I dislike changes,24,True,True,False,0.35918924315468925,-0.1533599599052361,-0.10504261464942452,True,-0.02903275650033958,1,True
pilot_holdout,International_Personality_Item_Pool_120_openness,ip_o4_3,I don't like the idea of change,24,True,True,False,0.4272158883782582,-0.16169130170836737,-0.13317089827642883,True,-0.046133926376833,1,True
pilot_holdout,International_Personality_Item_Pool_120_openness,ip_o4_4,I am attached to conventional ways,24,True,True,False,0.4352072467276151,-0.20524642020983971,-0.1364752387076966,True,-0.11426468522276127,1,True
pilot_holdout,International_Personality_Item_Pool_120_openness,ip_o5_1,I am not interested in abstract ideas,24,True,True,False,0.6265231076989933,-0.2818310407113231,-0.21558228245594543,True,-0.17845981520255724,1,True
pilot_holdout,International_Personality_Item_Pool_120_openness,ip_o5_2,I avoid philosophical discussions,24,True,True,False,0.6076695684367105,-0.26062281695710304,-0.20778654744653152,True,-0.2068730449759316,1,True
pilot_holdout,International_Personality_Item_Pool_120_openness,ip_o5_3,I have difficulty understanding abstract ideas,24,True,True,False,0.4517212956123017,-0.26931679960712523,-0.14330361969476516,True,-0.117000866771611,1,True
pilot_holdout,International_Personality_Item_Pool_120_openness,ip_o5_4,I am not interested in theoretical discussions,24,True,True,False,0.5841637761825031,-0.24570310946661816,-0.1980671560340808,True,-0.16336508279495854,1,True
pilot_holdout,International_Personality_Item_Pool_120_openness,ip_o6_1,I tend to vote for conservative political candidates,24,True,True,False,0.201381352842737,-0.18361224409369895,-0.03979075513635411,False,0.07101250947619704,1,True
pilot_holdout,International_Personality_Item_Pool_120_openness,ip_o6_2,I believe that there is no absolute right and wrong,24,False,False,False,0.08927461725424478,0.09033649983078583,-0.006564170125169167,False,0.3152877319903763,1,True
pilot_holdout,International_Personality_Item_Pool_120_openness,ip_o6_3,I believe that criminals should receive help rather than punishment,24,False,False,False,0.09104627869317754,0.14569140580637868,-0.0058316072407060245,False,0.32920215511631634,1,True
pilot_holdout,International_Personality_Item_Pool_120_openness,ip_o6_4,I believe that too much tax money goes to support artists,24,True,True,False,0.08240083302314812,-0.1750741822703056,0.009406405719878908,False,0.16322777740393338,1,True
pilot_holdout,International_Personality_Item_Pool_120_openness_adventurousness,ip_o4_1,I prefer to stick with things that I know,4,False,False,False,0.6616100554255319,0.485077361766406,0.28868451541613976,False,,1,True
pilot_holdout,International_Personality_Item_Pool_120_openness_adventurousness,ip_o4_2,I dislike changes,4,False,False,False,0.7851006947830997,0.5662190187492441,0.4047852022240009,False,,1,True
pilot_holdout,International_Personality_Item_Pool_120_openness_adventurousness,ip_o4_3,I don't like the idea of change,4,False,False,False,0.699083200186115,0.5453262983836421,0.3239151844465006,False,,1,True
pilot_holdout,International_Personality_Item_Pool_120_openness_adventurousness,ip_o4_4,I am attached to conventional ways,4,False,False,False,0.6746794250412088,0.38179429850536645,0.3009717850943893,False,,1,True
pilot_holdout,International_Personality_Item_Pool_120_openness_artistic_interests,ip_o2_1,I see beauty in things that others might not notice,4,False,False,False,0.48126035783378956,0.35091556048324773,0.13866818721775973,False,1.0,1,True
pilot_holdout,International_Personality_Item_Pool_120_openness_artistic_interests,ip_o2_2,I do not like art,4,True,True,False,0.8692150713186888,-0.5016284570011392,-0.519159145363699,True,-0.15585655395166353,1,True
pilot_holdout,International_Personality_Item_Pool_120_openness_artistic_interests,ip_o2_3,I do not like poetry,4,True,True,False,0.784102472149746,-0.4358864653352781,-0.4356840043680404,True,-0.11963807886563146,1,True
pilot_holdout,International_Personality_Item_Pool_120_openness_artistic_interests,ip_o2_4,I do not enjoy going to art museums,4,True,True,False,0.8077059136932299,-0.460191087817599,-0.4588333457119014,True,-0.1405099288359843,1,True
pilot_holdout,International_Personality_Item_Pool_120_openness_emotionality,ip_o3_1,I experience my emotions intensely,4,False,False,False,0.7174631561217675,0.3090338543339523,0.32078639593311425,False,0.8839058444400876,1,True
pilot_holdout,International_Personality_Item_Pool_120_openness_emotionality,ip_o3_2,I feel others' emotions,4,False,False,False,0.7196057795772275,0.3652282759628364,0.3227398513302964,False,0.8839058444400877,1,True
pilot_holdout,International_Personality_Item_Pool_120_openness_emotionality,ip_o3_3,I rarely notice my emotional reactions,4,True,True,False,0.6558996496186772,-0.2995932762863088,-0.2646582117010865,True,-0.23842487351960986,1,True
pilot_holdout,International_Personality_Item_Pool_120_openness_emotionality,ip_o3_4,I don't understand people who get emotional,4,True,True,False,0.642167248565194,-0.3966176663598396,-0.25213821763220917,True,-0.2171782766999992,1,True
pilot_holdout,International_Personality_Item_Pool_120_openness_imagination,ip_o1_1,I have a vivid imagination,4,False,False,False,0.7340386240382047,0.3613014415213866,0.3701233093581222,False,,1,True
pilot_holdout,International_Personality_Item_Pool_120_openness_imagination,ip_o1_2,I love to daydream,4,False,False,False,0.702089603418781,0.43878296811338613,0.33950536903969786,False,,1,True
pilot_holdout,International_Personality_Item_Pool_120_openness_imagination,ip_o1_3,I like to get lost in thought,4,False,False,False,0.7788222844307847,0.42262013478301014,0.4130411645710912,False,,1,True
pilot_holdout,International_Personality_Item_Pool_120_openness_imagination,ip_o1_4,I spend time reflecting on things,4,False,False,False,0.6600615909692681,0.3275542860568678,0.2992283542225725,False,,1,True
pilot_holdout,International_Personality_Item_Pool_120_openness_intellect,ip_o5_1,I am not interested in abstract ideas,4,True,True,False,0.8904868381800706,-0.5295955410022022,-0.6559871728120994,False,,1,True
pilot_holdout,International_Personality_Item_Pool_120_openness_intellect,ip_o5_2,I avoid philosophical discussions,4,True,True,False,0.8354633932084852,-0.5415020466900717,-0.5948567662803109,False,,1,True
pilot_holdout,International_Personality_Item_Pool_120_openness_intellect,ip_o5_3,I have difficulty understanding abstract ideas,4,True,True,False,0.7467498277513921,-0.5227981684794748,-0.49629702826178074,False,,1,True
pilot_holdout,International_Personality_Item_Pool_120_openness_intellect,ip_o5_4,I am not interested in theoretical discussions,4,True,True,False,0.8602650013005397,-0.5448128058525942,-0.6224110640181633,False,,1,True
pilot_holdout,International_Personality_Item_Pool_120_openness_liberalism,ip_o6_1,I tend to vote for conservative political candidates,4,True,True,False,0.5682440855290514,-0.21891377640514778,-0.042217137554272845,False,0.05088898445637299,1,True
pilot_holdout,International_Personality_Item_Pool_120_openness_liberalism,ip_o6_2,I believe that there is no absolute right and wrong,4,False,False,False,0.5613194546205581,0.04748948842403832,0.03764067391015719,False,0.7693652166183097,1,True
pilot_holdout,International_Personality_Item_Pool_120_openness_liberalism,ip_o6_3,I believe that criminals should receive help rather than punishment,4,False,False,False,0.41937790608967945,0.1536614042790541,-0.056167984634274186,False,0.7693652166183096,1,True
pilot_holdout,International_Personality_Item_Pool_120_openness_liberalism,ip_o6_4,I believe that too much tax money goes to support artists,4,True,True,False,0.4337477560845233,-0.17086961959884314,0.046671002493011066,False,0.22419056761992978,1,True
pilot_holdout,Interpersonal_Reactivity_Index_Brief_Empathy,empec_1,"I often have tender, concerned feelings for people less fortunate than me",16,False,False,False,0.5721410456504671,0.24233660839870902,0.20351338409519035,False,0.5851219736549499,2,True
pilot_holdout,Interpersonal_Reactivity_Index_Brief_Empathy,empec_2,"When I see someone being taken advantage of, I feel kind of protective toward them",16,False,False,False,0.5447777837806954,0.23089309107213465,0.2032526722095995,False,0.5705435050456068,2,True
pilot_holdout,Interpersonal_Reactivity_Index_Brief_Empathy,empec_3,"When I see someone being treated unfairly, I feel very much pity for them",16,False,False,False,0.5209523864259166,0.2664927561694483,0.18768622107040517,False,0.5416082536315792,2,True
pilot_holdout,Interpersonal_Reactivity_Index_Brief_Empathy,empec_4,I would describe myself as a pretty soft-hearted person,16,False,False,False,0.33736667891747324,0.2418816594121191,0.09398784603596154,False,0.3464409397305854,2,True
pilot_holdout,Interpersonal_Reactivity_Index_Brief_Empathy,empf_1,I really get involved with the feelings of the characters in a novel,16,False,False,False,0.5206447192046076,0.23597743766514068,0.19110248511840505,False,0.5450646388192468,2,True
pilot_holdout,Interpersonal_Reactivity_Index_Brief_Empathy,empf_2,"After seeing a play or movie, I have felt as though I were one of the characters",16,False,False,False,0.5139880851276026,0.2009762877550773,0.1656627070103083,False,0.5146492298775721,2,True
pilot_holdout,Interpersonal_Reactivity_Index_Brief_Empathy,empf_3,"When I watch a good movie, I can very easily put myself in the place of a leading character",16,False,False,False,0.39419633905351825,0.18929305906361446,0.12501017134374065,False,0.40899203578636956,2,True
pilot_holdout,Interpersonal_Reactivity_Index_Brief_Empathy,empf_4,"When I am reading an interesting story or novel, I imagine how I would feel if the events in the story were happening to me",16,False,False,False,0.5443571981287747,0.23035714548119676,0.19329103560314326,False,0.5597761190020334,2,True
pilot_holdout,Interpersonal_Reactivity_Index_Brief_Empathy,emppd_1,"In emergency situations, I feel apprehensive and ill-at-ease",16,False,False,False,0.4423583546015105,0.05334497310122365,0.08762576883931426,False,0.3945824518624357,2,True
pilot_holdout,Interpersonal_Reactivity_Index_Brief_Empathy,emppd_2,Being in a tense emotional situation scares me,16,False,False,False,0.3956731070954847,0.08940445420579558,0.0830148868554516,False,0.3652985971673436,2,True
pilot_holdout,Interpersonal_Reactivity_Index_Brief_Empathy,emppd_3,I tend to lose control during emergencies,16,True,False,True,-0.381950512535358,0.06344080464383575,0.12188391484626972,False,0.25810555116829487,2,True
pilot_holdout,Interpersonal_Reactivity_Index_Brief_Empathy,emppd_4,"When I see someone who badly needs help in an emergency, I go to pieces",16,False,False,False,0.38391172953777397,0.05643205333643484,0.07575905960383653,False,0.3514684834164147,2,True
pilot_holdout,Interpersonal_Reactivity_Index_Brief_Empathy,emppt_1,I try to look at everybody's side of a disagreement before I make a decision,16,False,False,False,0.31466976351535625,0.2016069721650307,0.0637551632075297,False,0.30256667402467,2,True
pilot_holdout,Interpersonal_Reactivity_Index_Brief_Empathy,emppt_2,I sometimes try to understand my friends better by imagining how things look from their perspective,16,False,False,False,0.48198028794181913,0.255651398363295,0.16894378709850788,False,0.5013932328173933,2,True
pilot_holdout,Interpersonal_Reactivity_Index_Brief_Empathy,emppt_3,"When I'm upset at someone, I usually try to “put myself in his shoes” for a while",16,False,False,False,0.5186641520596494,0.2076015119985157,0.18412093433901502,False,0.5366372365538913,2,True
pilot_holdout,Interpersonal_Reactivity_Index_Brief_Empathy,emppt_4,"Before criticizing somebody, I try to imagine how I would feel if I were in their place",16,False,False,False,0.5371457788838494,0.2096992639327797,0.19633787176070916,False,0.5592328458922304,2,True
pilot_holdout,Interpersonal_Reactivity_Index_Brief_Empathy_Empathic_Concern,empec_1,"I often have tender, concerned feelings for people less fortunate than me",4,False,False,False,0.7768321658078738,0.4251709289483156,0.44938560507889735,False,,1,True
pilot_holdout,Interpersonal_Reactivity_Index_Brief_Empathy_Empathic_Concern,empec_2,"When I see someone being taken advantage of, I feel kind of protective toward them",4,False,False,False,0.7984196913769147,0.39549825425135793,0.4711367192063283,False,,1,True
pilot_holdout,Interpersonal_Reactivity_Index_Brief_Empathy_Empathic_Concern,empec_3,"When I see someone being treated unfairly, I feel very much pity for them",4,False,False,False,0.829463762827846,0.47687492211624427,0.5024160401711041,False,,1,True
pilot_holdout,Interpersonal_Reactivity_Index_Brief_Empathy_Empathic_Concern,empec_4,I would describe myself as a pretty soft-hearted person,4,False,False,False,0.6180181422984359,0.38868917444911677,0.289368101482083,False,,1,True
pilot_holdout,Interpersonal_Reactivity_Index_Brief_Empathy_Fantasy,empf_1,I really get involved with the feelings of the characters in a novel,4,False,False,False,0.7446377800631361,0.40740164094493725,0.390127951217363,False,,1,True
pilot_holdout,Interpersonal_Reactivity_Index_Brief_Empathy_Fantasy,empf_2,"After seeing a play or movie, I have felt as though I were one of the characters",4,False,False,False,0.777471371164593,0.4629873083281384,0.42202779921145545,False,,1,True
pilot_holdout,Interpersonal_Reactivity_Index_Brief_Empathy_Fantasy,empf_3,"When I watch a good movie, I can very easily put myself in the place of a leading character",4,False,False,False,0.7201831167013526,0.46797062242333826,0.3663687455436049,False,,1,True
pilot_holdout,Interpersonal_Reactivity_Index_Brief_Empathy_Fantasy,empf_4,"When I am reading an interesting story or novel, I imagine how I would feel if the events in the story were happening to me",4,False,False,False,0.6723917727706364,0.4605484619996503,0.3199365230641215,False,,1,True
pilot_holdout,Interpersonal_Reactivity_Index_Brief_Empathy_Personal_Distress,emppd_1,"In emergency situations, I feel apprehensive and ill-at-ease",4,False,False,False,0.8039179055601796,0.3480013705836707,0.4614867471005735,False,,1,True
pilot_holdout,Interpersonal_Reactivity_Index_Brief_Empathy_Personal_Distress,emppd_2,Being in a tense emotional situation scares me,4,False,False,False,0.7265735802256444,0.3166458763841859,0.38501771654618483,False,,1,True
pilot_holdout,Interpersonal_Reactivity_Index_Brief_Empathy_Personal_Distress,emppd_3,I tend to lose control during emergencies,4,False,False,False,0.7336732488704641,0.3780481331173802,0.3920370392460539,False,,1,True
pilot_holdout,Interpersonal_Reactivity_Index_Brief_Empathy_Personal_Distress,emppd_4,"When I see someone who badly needs help in an emergency, I go to pieces",4,False,False,False,0.7018846900548086,0.31194576115586053,0.36060822705019707,False,,1,True
pilot_holdout,Interpersonal_Reactivity_Index_Brief_Empathy_Perspective_Taking,emppt_1,I try to look at everybody's side of a disagreement before I make a decision,4,False,False,False,0.5538949347378778,0.3430359035156518,0.15976193435700747,False,,1,True
pilot_holdout,Interpersonal_Reactivity_Index_Brief_Empathy_Perspective_Taking,emppt_2,I sometimes try to understand my friends better by imagining how things look from their perspective,4,False,False,False,0.7079616269409317,0.41336326338037815,0.2969171095888979,False,,1,True
pilot_holdout,Interpersonal_Reactivity_Index_Brief_Empathy_Perspective_Taking,emppt_3,"When I'm upset at someone, I usually try to “put myself in his shoes” for a while",4,False,False,False,0.6912462921778585,0.4281613990770607,0.2820365754792444,False,,1,True
pilot_holdout,Interpersonal_Reactivity_Index_Brief_Empathy_Perspective_Taking,emppt_4,"Before criticizing somebody, I try to imagine how I would feel if I were in their place",4,False,False,False,0.7175946201526793,0.4103150054691047,0.3054927131348187,False,,1,True
pilot_holdout,Life_Orientation_Test_Optimism,opt_1,"In uncertain times, I usually expect the best",6,False,False,False,0.4248018890093293,0.22395513449050486,0.022376469582131863,False,0.75769043991568,1,True
pilot_holdout,Life_Orientation_Test_Optimism,opt_2,"If something can go wrong for me, it will",6,True,True,False,0.26680147387399294,-0.2721631065597175,0.060334025402356536,False,0.3121030279497549,1,True
pilot_holdout,Life_Orientation_Test_Optimism,opt_3,I'm always optimistic about my future,6,False,False,False,0.5715142084033713,0.2777922810783786,0.0991778409393497,False,0.7259431762217542,1,True
pilot_holdout,Life_Orientation_Test_Optimism,opt_4,I hardly ever expect things to go my way,6,True,True,False,0.4720079552606745,-0.3223805843342336,-0.047088031906667174,False,0.19887323742824645,1,True
pilot_holdout,Life_Orientation_Test_Optimism,opt_5,I rarely count on good things happening to me,6,True,True,False,0.5020402493163922,-0.3392460173658317,-0.06280942038998479,False,0.15198486946269052,1,True
pilot_holdout,Life_Orientation_Test_Optimism,opt_6,"Overall, I expect more good things to happen to me than bad",6,False,False,False,0.38024807439866126,0.3103763132358627,-0.0009466847066656348,False,0.7747401750115627,1,True
pilot_holdout,Mastery_Scale_Self_Mastery,smast_1,I have little control over the things that happen to me,7,True,True,False,0.7324459852908418,-0.3187352874492772,-0.22371633683266764,False,0.2642832145671357,2,True
pilot_holdout,Mastery_Scale_Self_Mastery,smast_2,There is really no way I can solve some of the problems I have,7,True,True,False,0.6562397953145127,-0.3228802868906356,-0.22958396781327664,False,0.15032808776248766,2,True
pilot_holdout,Mastery_Scale_Self_Mastery,smast_3,There is little I can do to change many of the important things in my life,7,True,True,False,0.6946967322782531,-0.33296429771812575,-0.22566723358678722,False,0.25975944000186235,2,True
pilot_holdout,Mastery_Scale_Self_Mastery,smast_4,I often feel helpless in dealing with the problems of life,7,True,True,False,0.7535807946893939,-0.301744824860661,-0.28640469940739727,False,0.11466081552126917,2,True
pilot_holdout,Mastery_Scale_Self_Mastery,smast_5,Sometimes I feel that I'm being pushed around in life,7,True,True,False,0.6106503070964987,-0.2828710075680941,-0.1873188541370461,False,0.16108295958067684,2,True
pilot_holdout,Mastery_Scale_Self_Mastery,smast_6,What happens to me in the future mostly depends on me,7,False,True,True,-0.5462618894955574,0.23006330536111394,-0.21753430265373278,False,0.711029025279163,2,True
pilot_holdout,Mastery_Scale_Self_Mastery,smast_7,I can do just about anything I really set my mind to do,7,False,False,False,0.2260890590797364,0.2357167324029303,-0.003943847231401443,False,0.7110290252791629,2,True
pilot_holdout,Mindful_Attention_Awareness_Scale_Mindful_Attention_Awareness,mndfn_1,I could be experiencing some emotion and not be conscious of it until sometime later,15,True,True,False,0.5558252685379351,-0.17455717923138708,-0.26878903051951564,False,,1,True
pilot_holdout,Mindful_Attention_Awareness_Scale_Mindful_Attention_Awareness,mndfn_2,"I break or spill things because of carelessness, not paying attention, or thinking of something else",15,True,True,False,0.568744221084693,-0.20520941823438613,-0.27669665060073373,False,,1,True
pilot_holdout,Mindful_Attention_Awareness_Scale_Mindful_Attention_Awareness,mndfn_3,I find it difficult to stay focused on what's happening in the present,15,True,True,False,0.5653973168726893,-0.22120590714323482,-0.27464802886758916,False,,1,True
pilot_holdout,Mindful_Attention_Awareness_Scale_Mindful_Attention_Awareness,mndfn_4,I tend to walk quickly to get where I'm going without paying attention to what I experience along the way,15,True,True,False,0.5596202668906061,-0.13113741637917373,-0.2711119282214117,False,,1,True
pilot_holdout,Mindful_Attention_Awareness_Scale_Mindful_Attention_Awareness,mndfn_5,I tend not to notice feelings of physical tension or discomfort until they really grab my attention,15,True,True,False,0.46055981359503384,-0.13116073416395044,-0.21047756743252308,False,,1,True
pilot_holdout,Mindful_Attention_Awareness_Scale_Mindful_Attention_Awareness,mndfn_6,I forget a person's name almost as soon as I've been told it for the first time,15,True,True,False,0.3626513879754724,-0.14335549752235296,-0.15054835647307868,False,,1,True
pilot_holdout,Mindful_Attention_Awareness_Scale_Mindful_Attention_Awareness,mndfn_7,It seems I am “running on automatic” without much awareness of what I'm doing,15,True,True,False,0.5950320984721309,-0.254907118712487,-0.29278731633924027,False,,1,True
pilot_holdout,Mindful_Attention_Awareness_Scale_Mindful_Attention_Awareness,mndfn_8,I rush through activities without being really attentive to them,15,True,True,False,0.7091559962672356,-0.2388034262051942,-0.3626419289856767,False,,1,True
pilot_holdout,Mindful_Attention_Awareness_Scale_Mindful_Attention_Awareness,mndfn_9,I get so focused on the goal I want to achieve that I lose touch with what I am doing right now to get there,15,True,True,False,0.5833401744052984,-0.1423567958527105,-0.2856307536686724,False,,1,True
pilot_holdout,Mindful_Attention_Awareness_Scale_Mindful_Attention_Awareness,mndfn_10,"I do jobs or tasks automatically, without being aware of what I'm doing",15,True,True,False,0.6694093060177533,-0.19692952675199213,-0.33831319762443,False,,1,True
pilot_holdout,Mindful_Attention_Awareness_Scale_Mindful_Attention_Awareness,mndfn_11,"I find myself listening to someone with one ear, doing something else at the same time",15,True,True,False,0.46436527417770934,-0.16750221733290033,-0.21280686900809104,False,,1,True
pilot_holdout,Mindful_Attention_Awareness_Scale_Mindful_Attention_Awareness,mndfn_12,I drive places on “automatic pilot” and then wonder why I went there,15,True,True,False,0.48028877490101535,-0.20049876186543947,-0.22255355656864784,False,,1,True
pilot_holdout,Mindful_Attention_Awareness_Scale_Mindful_Attention_Awareness,mndfn_13,I find myself preoccupied with the future or the past,15,True,True,False,0.6014151737882849,-0.08748768391576078,-0.29669436177247194,False,,1,True
pilot_holdout,Mindful_Attention_Awareness_Scale_Mindful_Attention_Awareness,mndfn_14,I find myself doing things without paying attention,15,True,True,False,0.8036389971925626,-0.2931475621142657,-0.4204744562549544,False,,1,True
pilot_holdout,Mindful_Attention_Awareness_Scale_Mindful_Attention_Awareness,mndfn_15,I snack without being aware that I'm eating,15,True,True,False,0.5898792349712786,-0.17483555728876352,-0.2896332768188038,False,,1,True
pilot_holdout,Multidimensional_Scale_of_Perceived_Social_Support_Perceived_Social_Support,ss_fam_1,My family really tries to help me,12,False,False,False,0.684660749547058,0.33738072348026954,0.40778968530704685,False,,1,True
pilot_holdout,Multidimensional_Scale_of_Perceived_Social_Support_Perceived_Social_Support,ss_fam_2,I get the emotional help and support I need from my family,12,False,False,False,0.6855281741539362,0.32823923451046055,0.40842150711105135,False,,1,True
pilot_holdout,Multidimensional_Scale_of_Perceived_Social_Support_Perceived_Social_Support,ss_fam_3,I can talk about my problems with my family,12,False,False,False,0.591909805156453,0.3157050867823547,0.34023099658261474,False,,1,True
pilot_holdout,Multidimensional_Scale_of_Perceived_Social_Support_Perceived_Social_Support,ss_fam_4,My family is willing to help me make decisions,12,False,False,False,0.529433199126309,0.3259282131353566,0.2947237771458608,False,,1,True
pilot_holdout,Multidimensional_Scale_of_Perceived_Social_Support_Perceived_Social_Support,ss_fr_1,My friends really try to help me,12,False,False,False,0.6879869656138947,0.34440065516926854,0.41021246167192427,False,,1,True
pilot_holdout,Multidimensional_Scale_of_Perceived_Social_Support_Perceived_Social_Support,ss_fr_2,I can count on my friends when things go wrong,12,False,False,False,0.6115683933054773,0.3505801184232886,0.35455007922104753,False,,1,True
pilot_holdout,Multidimensional_Scale_of_Perceived_Social_Support_Perceived_Social_Support,ss_fr_3,I have friends with whom I can share my joys and sorrows,12,False,False,False,0.7416177488087391,0.42201981622727675,0.44927648858521735,False,,1,True
pilot_holdout,Multidimensional_Scale_of_Perceived_Social_Support_Perceived_Social_Support,ss_fr_4,I can talk about my problems with my friends,12,False,False,False,0.655413917064969,0.34647485149209417,0.3864866391244442,False,,1,True
pilot_holdout,Multidimensional_Scale_of_Perceived_Social_Support_Perceived_Social_Support,ss_so_1,There is a special person who is around when I am in need,12,False,False,False,0.6782183086428184,0.41547659554616795,0.4030970877002545,False,,1,True
pilot_holdout,Multidimensional_Scale_of_Perceived_Social_Support_Perceived_Social_Support,ss_so_2,There is a special person with whom I can share my joys and sorrows,12,False,False,False,0.7332752863775139,0.43257620759096,0.44319993781487843,False,,1,True
pilot_holdout,Multidimensional_Scale_of_Perceived_Social_Support_Perceived_Social_Support,ss_so_3,I have a special person who is a real source of comfort to me,12,False,False,False,0.7419246773600404,0.42922341840680817,0.4495000517046472,False,,1,True
pilot_holdout,Multidimensional_Scale_of_Perceived_Social_Support_Perceived_Social_Support,ss_so_4,There is a special person in my life who cares about my feelings,12,False,False,False,0.670732416423102,0.4294168791710932,0.3976444525209658,False,,1,True
pilot_holdout,Multidimensional_Scale_of_Perceived_Social_Support_Perceived_Social_Support_Family,ss_fam_1,My family really tries to help me,4,False,False,False,0.8247944784338979,0.5068015674309265,0.5163107472890799,False,,1,True
pilot_holdout,Multidimensional_Scale_of_Perceived_Social_Support_Perceived_Social_Support_Family,ss_fam_2,I get the emotional help and support I need from my family,4,False,False,False,0.8300972693377028,0.5416203176436305,0.5217733019254195,False,,1,True
pilot_holdout,Multidimensional_Scale_of_Perceived_Social_Support_Perceived_Social_Support_Family,ss_fam_3,I can talk about my problems with my family,4,False,False,False,0.6732709657788677,0.5017722592204453,0.36022209857878257,False,,1,True
pilot_holdout,Multidimensional_Scale_of_Perceived_Social_Support_Perceived_Social_Support_Family,ss_fam_4,My family is willing to help me make decisions,4,False,False,False,0.7622219925972957,0.446727825519772,0.45185306287071875,False,,1,True
pilot_holdout,Multidimensional_Scale_of_Perceived_Social_Support_Perceived_Social_Support_Friends,ss_fr_1,My friends really try to help me,4,False,False,False,0.7322231075375258,0.5147000978540139,0.41898565459519355,False,,1,True
pilot_holdout,Multidimensional_Scale_of_Perceived_Social_Support_Perceived_Social_Support_Friends,ss_fr_2,I can count on my friends when things go wrong,4,False,False,False,0.7794369679511881,0.5079753144237529,0.4674953005172659,False,,1,True
pilot_holdout,Multidimensional_Scale_of_Perceived_Social_Support_Perceived_Social_Support_Friends,ss_fr_3,I have friends with whom I can share my joys and sorrows,4,False,False,False,0.817870266123988,0.546267511509137,0.5069834014614635,False,,1,True
pilot_holdout,Multidimensional_Scale_of_Perceived_Social_Support_Perceived_Social_Support_Friends,ss_fr_4,I can talk about my problems with my friends,4,False,False,False,0.7528047288766082,0.5019630403167722,0.4401321390155219,False,,1,True
pilot_holdout,Multidimensional_Scale_of_Perceived_Social_Support_Perceived_Social_Support_Significant_Other,ss_so_1,There is a special person who is around when I am in need,4,False,False,False,0.8500456394392903,0.7492093056637925,0.658087556462472,False,,1,True
pilot_holdout,Multidimensional_Scale_of_Perceived_Social_Support_Perceived_Social_Support_Significant_Other,ss_so_2,There is a special person with whom I can share my joys and sorrows,4,False,False,False,0.8835515149083708,0.7715285334155371,0.6971659580561256,False,,1,True
pilot_holdout,Multidimensional_Scale_of_Perceived_Social_Support_Perceived_Social_Support_Significant_Other,ss_so_3,I have a special person who is a real source of comfort to me,4,False,False,False,0.8761500109974701,0.7607818907331362,0.6885334738073833,False,,1,True
pilot_holdout,Multidimensional_Scale_of_Perceived_Social_Support_Perceived_Social_Support_Significant_Other,ss_so_4,There is a special person in my life who cares about my feelings,4,False,False,False,0.8891975164360832,0.7685450510460147,0.7037509737290325,False,,1,True
pilot_holdout,Need_for_Cognition_Scale_Need_for_Cognition,nfc_1,I would prefer complex to simple problems,18,False,False,False,0.3181086605200843,0.2806198541483289,0.043099533837972256,False,0.5388502584509759,2,True
pilot_holdout,Need_for_Cognition_Scale_Need_for_Cognition,nfc_2,I like to have the responsibility of handling a situation that requires a lot of thinking,18,False,False,False,0.47822010682395105,0.26406057142891837,0.08890619260834116,False,0.6299676792138544,2,True
pilot_holdout,Need_for_Cognition_Scale_Need_for_Cognition,nfc_3,Thinking is not my idea of fun,18,True,True,False,0.40256079055431027,-0.27476678674487814,-0.08904537695879078,True,-0.023167858155043772,2,True
pilot_holdout,Need_for_Cognition_Scale_Need_for_Cognition,nfc_4,I would rather do something that requires little thought than something that is sure to challenge my thinking abilities.,18,True,True,False,0.33900371711538424,-0.33486270604581214,-0.07686603685870233,False,0.20235894275443758,2,True
pilot_holdout,Need_for_Cognition_Scale_Need_for_Cognition,nfc_5,I try to anticipate and avoid situations where there is likely chance I will have to think in depth about something,18,True,True,False,0.1977603776471239,-0.21703215602293702,-0.017916074594545583,False,0.18098198877205754,2,True
pilot_holdout,Need_for_Cognition_Scale_Need_for_Cognition,nfc_6,I find satisfaction in deliberating hard and for long hours,18,False,False,False,0.5722584311261969,0.10556906004767008,0.1217357699457357,False,0.6276260547820698,2,True
pilot_holdout,Need_for_Cognition_Scale_Need_for_Cognition,nfc_7,I only think as hard as I have to,18,True,True,False,0.2561026831331476,-0.2241926653412389,-0.029507054444179212,False,0.09545854415987406,2,True
pilot_holdout,Need_for_Cognition_Scale_Need_for_Cognition,nfc_8,I prefer to think about small daily projects to long-term ones,18,True,True,False,0.26553008458396543,-0.14093027844301104,-0.048318316107274516,False,0.09278984425320222,2,True
pilot_holdout,Need_for_Cognition_Scale_Need_for_Cognition,nfc_9,I like tasks that require little thought once I've learned them,18,True,True,False,0.2610073040833021,-0.1903425091354295,-0.05406763794491199,False,0.24114842825250082,2,True
pilot_holdout,Need_for_Cognition_Scale_Need_for_Cognition,nfc_10,The idea of relying on thought to make my way to the top appeals to me,18,False,False,False,0.4023228389710172,0.17647686230456547,0.0681673324081763,False,0.5519684450031603,2,True
pilot_holdout,Need_for_Cognition_Scale_Need_for_Cognition,nfc_11,I really enjoy a task that involves coming up with new solutions to problems,18,False,False,False,0.5098545573057081,0.27980967545957386,0.11581007931161184,False,0.5975300553243853,2,True
pilot_holdout,Need_for_Cognition_Scale_Need_for_Cognition,nfc_12,Learning new ways to think doesn't excite me very much,18,True,True,False,0.5160147883986026,-0.25295259540093123,-0.12790370349904334,True,-0.08326377115156164,2,True
pilot_holdout,Need_for_Cognition_Scale_Need_for_Cognition,nfc_13,I prefer my life to be filled with puzzles that I must solve,18,False,False,False,0.37779625450861903,0.2178381277166037,0.06312287556811166,False,0.5331234530270624,2,True
pilot_holdout,Need_for_Cognition_Scale_Need_for_Cognition,nfc_14,The notion of thinking abstractly is appealing to me,18,False,False,False,0.2735862454691388,0.24820916701848597,0.026507382284927467,False,0.47331514809890457,2,True
pilot_holdout,Need_for_Cognition_Scale_Need_for_Cognition,nfc_15,"I would prefer a task that is intellectual, difficult, and important to one that is somewhat important but does not require much thought",18,False,False,False,0.20400659778753377,0.28246998969105785,-0.01656843471527636,False,0.5703008792016119,2,True
pilot_holdout,Need_for_Cognition_Scale_Need_for_Cognition,nfc_16,I feel relief rather than satisfaction after completing a task that required a lot of mental effort,18,True,False,True,-0.34544406785732784,-0.20053684969441393,0.06801005025278106,False,0.31243305179488684,2,True
pilot_holdout,Need_for_Cognition_Scale_Need_for_Cognition,nfc_17,It's enough for me that something gets the job done; I don't care how or why it works,18,True,True,False,0.16707032202190794,-0.1904755487379716,-0.014702069059488137,False,0.1511362304803067,2,True
pilot_holdout,Need_for_Cognition_Scale_Need_for_Cognition,nfc_18,I usually end up deliberating about issues even when they do not affect me personally,18,False,False,False,0.3550886930619737,0.09889912887419727,0.05976136600758387,False,0.4258972992543762,2,True
pilot_holdout,Pain_Catastrophizing_Scale_Pain_Catastrophizing,pain_h_1,"When I'm in pain, I worry all the time about whether the pain will end",13,False,False,False,0.8631821931294364,0.5440237578292828,0.6316511748990544,False,,1,True
pilot_holdout,Pain_Catastrophizing_Scale_Pain_Catastrophizing,pain_h_2,"When I'm in pain, I feel I can't go on",13,False,False,False,0.7142087432355589,0.5442122142366018,0.5082546200814736,False,,1,True
pilot_holdout,Pain_Catastrophizing_Scale_Pain_Catastrophizing,pain_h_3,"When I'm in pain, it's terrible and I think it's never going to get any better",13,False,False,False,0.7747446750011323,0.541266672322114,0.5583972826019774,False,,1,True
pilot_holdout,Pain_Catastrophizing_Scale_Pain_Catastrophizing,pain_h_4,"When I'm in pain, it's aweful and I fell that it overwhelms me",13,False,False,False,0.7709122415684552,0.5877247653076819,0.5552228304932497,False,,1,True
pilot_holdout,Pain_Catastrophizing_Scale_Pain_Catastrophizing,pain_h_5,"When I'm in pain, I feel I can't stand it anymore",13,False,False,False,0.7667883851938775,0.5655841676672978,0.5518069891500578,False,,1,True
pilot_holdout,Pain_Catastrophizing_Scale_Pain_Catastrophizing,pain_h_6,"When I'm in pain, there's nothing I can do to reduce the intensity of the pain",13,False,False,False,0.6278170827093403,0.4631099568568142,0.43669533699110125,False,,1,True
pilot_holdout,Pain_Catastrophizing_Scale_Pain_Catastrophizing,pain_m_1,"When I'm in pain, I become afraid that the pain will get worse",13,False,False,False,0.8081817077703958,0.5486124221916623,0.5860935912394487,False,,1,True
pilot_holdout,Pain_Catastrophizing_Scale_Pain_Catastrophizing,pain_m_2,"When I'm in pain, I keep thinking of other painful events",13,False,False,False,0.7235271032799417,0.4636034364149666,0.5159731331913314,False,,1,True
pilot_holdout,Pain_Catastrophizing_Scale_Pain_Catastrophizing,pain_m_3,"When I'm in pain, I wonder whether something serious may happen",13,False,False,False,0.8113226811831946,0.36722767227974645,0.5886952984442497,False,,1,True
pilot_holdout,Pain_Catastrophizing_Scale_Pain_Catastrophizing,pain_r_1,"When I'm in pain, I anxiously want the pain to go away",13,False,False,False,0.7270401448390577,0.47218040986125304,0.5188830290528738,False,,1,True
pilot_holdout,Pain_Catastrophizing_Scale_Pain_Catastrophizing,pain_r_2,"When I'm in pain, I can't seem to keep it out of my mind",13,False,False,False,0.7627980896092064,0.5297568857483211,0.5485017778644027,False,,1,True
pilot_holdout,Pain_Catastrophizing_Scale_Pain_Catastrophizing,pain_r_3,"When I'm in pain, I keep thinking about how much it hurts",13,False,False,False,0.7914552837676145,0.5504773135626562,0.5722388869425984,False,,1,True
pilot_holdout,Pain_Catastrophizing_Scale_Pain_Catastrophizing,pain_r_4,"When I'm in pain, I keep thinking about how badly I want the pain to stop",13,False,False,False,0.7977703881376463,0.5268849692953251,0.5774697661571867,False,,1,True
pilot_holdout,Pain_Catastrophizing_Scale_Pain_Catastrophizing_Helplessness,pain_h_1,"When I'm in pain, I worry all the time about whether the pain will end",6,False,False,False,0.7773810974898152,0.5602181229928513,0.5555617872055779,False,,1,True
pilot_holdout,Pain_Catastrophizing_Scale_Pain_Catastrophizing_Helplessness,pain_h_2,"When I'm in pain, I feel I can't go on",6,False,False,False,0.8369142902342813,0.6253033458130012,0.613424019324815,False,,1,True
pilot_holdout,Pain_Catastrophizing_Scale_Pain_Catastrophizing_Helplessness,pain_h_3,"When I'm in pain, it's terrible and I think it's never going to get any better",6,False,False,False,0.8608281106570103,0.6300413122906432,0.6366666334761668,False,,1,True
pilot_holdout,Pain_Catastrophizing_Scale_Pain_Catastrophizing_Helplessness,pain_h_4,"When I'm in pain, it's aweful and I fell that it overwhelms me",6,False,False,False,0.7743346573488766,0.6350754394167593,0.552600853675119,False,,1,True
pilot_holdout,Pain_Catastrophizing_Scale_Pain_Catastrophizing_Helplessness,pain_h_5,"When I'm in pain, I feel I can't stand it anymore",6,False,False,False,0.8604571415637354,0.6222443207774104,0.6363060766372909,False,,1,True
pilot_holdout,Pain_Catastrophizing_Scale_Pain_Catastrophizing_Helplessness,pain_h_6,"When I'm in pain, there's nothing I can do to reduce the intensity of the pain",6,False,False,False,0.7497461328935345,0.5536280359805326,0.528702472890951,False,,1,True
pilot_holdout,Pain_Catastrophizing_Scale_Pain_Catastrophizing_Magnification,pain_m_1,"When I'm in pain, I become afraid that the pain will get worse",3,False,False,False,0.868399038539949,0.47262870622549025,0.620509977867141,False,,1,True
pilot_holdout,Pain_Catastrophizing_Scale_Pain_Catastrophizing_Magnification,pain_m_2,"When I'm in pain, I keep thinking of other painful events",3,False,False,False,0.806747138847593,0.3997249827264132,0.540959488179938,False,,1,True
pilot_holdout,Pain_Catastrophizing_Scale_Pain_Catastrophizing_Magnification,pain_m_3,"When I'm in pain, I wonder whether something serious may happen",3,False,False,False,0.9054876744211131,0.4089120167279671,0.6683660725033094,False,,1,True
pilot_holdout,Pain_Catastrophizing_Scale_Pain_Catastrophizing_Rumination,pain_r_1,"When I'm in pain, I anxiously want the pain to go away",4,False,False,False,0.8282621857825264,0.54744689437439,0.6179391579607861,False,,1,True
pilot_holdout,Pain_Catastrophizing_Scale_Pain_Catastrophizing_Rumination,pain_r_2,"When I'm in pain, I can't seem to keep it out of my mind",4,False,False,False,0.8353198685251689,0.5766495010258892,0.6260450205253246,False,,1,True
pilot_holdout,Pain_Catastrophizing_Scale_Pain_Catastrophizing_Rumination,pain_r_3,"When I'm in pain, I keep thinking about how much it hurts",4,False,False,False,0.8927885799155204,0.5845519760219345,0.6920487632944252,False,,1,True
pilot_holdout,Pain_Catastrophizing_Scale_Pain_Catastrophizing_Rumination,pain_r_4,"When I'm in pain, I keep thinking about how badly I want the pain to stop",4,False,False,False,0.8891777958142222,0.5902981139058582,0.687901719463948,False,,1,True
pilot_holdout,Penn_State_Worry_Questionnaire_Worry,worry_1,"If I do not have enough time to do everything, I do not worry about it",16,True,True,False,0.10559748748232921,-0.3256114394196562,0.00564927257567814,False,0.12759623602533138,1,True
pilot_holdout,Penn_State_Worry_Questionnaire_Worry,worry_2,My worries overwhelm me,16,False,False,False,0.733548507879007,0.48356410641332415,0.35719965304666973,False,0.7581579070498069,1,True
pilot_holdout,Penn_State_Worry_Questionnaire_Worry,worry_3,I do not tend to worry about things.,16,True,True,False,0.3807818038652611,-0.4242500844840761,-0.1533604754849133,True,-0.08978888253870619,1,True
pilot_holdout,Penn_State_Worry_Questionnaire_Worry,worry_4,Many situations make me worry,16,False,False,False,0.7481086508088115,0.4977272918389196,0.3656129401461158,False,0.7817816247743753,1,True
pilot_holdout,Penn_State_Worry_Questionnaire_Worry,worry_5,"I know I should not worry about things, but I just cannot help it",16,False,False,False,0.2684841686396811,0.5055730391184501,0.0884715351567456,False,0.40578548190296065,1,True
pilot_holdout,Penn_State_Worry_Questionnaire_Worry,worry_6,When I am under pressure I worry a lot,16,False,False,False,0.8118583203213027,0.4959441749114133,0.4024494104121803,False,0.8607012250669407,1,True
pilot_holdout,Penn_State_Worry_Questionnaire_Worry,worry_7,I am always worrying about something,16,False,False,False,0.8087343621067015,0.4898963860138636,0.40064429369919013,False,0.8522124266890139,1,True
pilot_holdout,Penn_State_Worry_Questionnaire_Worry,worry_8,I find it easy to dismiss worrisome thoughts,16,True,True,False,0.41489695565732354,-0.42810703203334566,-0.17307323296617913,True,-0.19498174483536926,1,True
pilot_holdout,Penn_State_Worry_Questionnaire_Worry,worry_9,"As soon as I finish one task, I start to worry about everything else I have to do",16,False,False,False,0.5355893795588649,0.34122057534053396,0.24281293386795824,False,0.6615713571925155,1,True
pilot_holdout,Penn_State_Worry_Questionnaire_Worry,worry_10,I never worry about anything,16,True,True,False,0.3915478480049675,-0.335191696854494,-0.15958141855596295,True,-0.14014725924658086,1,True
pilot_holdout,Penn_State_Worry_Questionnaire_Worry,worry_11,"When there is nothing more I can do about a concern, I do not worry about it any more",16,True,True,False,0.1963875996223487,-0.3522439753139172,-0.0468119761158652,False,0.05072039181186617,1,True
pilot_holdout,Penn_State_Worry_Questionnaire_Worry,worry_12,I have been a worrier all my life,16,False,False,False,0.6400246101640185,0.44639307976011583,0.30315874109073204,False,0.6323279688357655,1,True
pilot_holdout,Penn_State_Worry_Questionnaire_Worry,worry_13,I notice that I have been worrying about things,16,False,False,False,0.5990758312977085,0.4022615633417494,0.2794973090131129,False,0.6523012838017724,1,True
pilot_holdout,Penn_State_Worry_Questionnaire_Worry,worry_14,"Once I start worrying, I cannot stop",16,False,False,False,0.6862462968928131,0.475677753331193,0.329867017413623,False,0.7469095589527223,1,True
pilot_holdout,Penn_State_Worry_Questionnaire_Worry,worry_15,I worry all the time,16,False,False,False,0.8542585493539349,0.5068034946203465,0.42694953391052787,False,0.8841222294321194,1,True
pilot_holdout,Penn_State_Worry_Questionnaire_Worry,worry_16,I worry about projects until they are all done,16,False,False,False,0.49230932991087156,0.37267554523450735,0.21780442364094102,False,0.52956837844105,1,True
pilot_holdout,Psychological_Well_Being_Scales_Well_being,pwb_a_1,I tend to be influenced by people with strong opinions,18,True,True,False,0.3059972476207265,-0.10279083516683053,-0.05005949701519915,False,0.0014195227532342802,2,True
pilot_holdout,Psychological_Well_Being_Scales_Well_being,pwb_a_2,"I have confidence in my own opinions, even if they are different from the way most other people think",18,False,False,False,0.3933418764622098,0.18884239232925715,0.10809583557785098,False,0.5301708565099266,2,True
pilot_holdout,Psychological_Well_Being_Scales_Well_being,pwb_a_3,"I judge myself by what I think is important, not by the values of what others think is important",18,False,False,False,0.18948638171139462,0.1221429783386301,0.04585476013029779,False,0.4631639975205548,2,True
pilot_holdout,Psychological_Well_Being_Scales_Well_being,pwb_em_1,The demands of everyday life often get me down,18,True,True,False,0.4882774062912349,-0.1855044366388454,-0.13721669345700355,True,-0.09844127160187964,2,True
pilot_holdout,Psychological_Well_Being_Scales_Well_being,pwb_em_2,"In general, I feel I am in charge of the situation in which I live",18,False,False,False,0.46984261022278073,0.2051356976825026,0.13120805831754773,False,0.5196728896638088,2,True
pilot_holdout,Psychological_Well_Being_Scales_Well_being,pwb_em_3,I am good at managing the responsibilities of daily life,18,False,False,False,0.5315549788407926,0.21919086184458414,0.1413580627264047,False,0.4918833508256593,2,True
pilot_holdout,Psychological_Well_Being_Scales_Well_being,pwb_pg_1,"For me, life has been a continuous process of learning, changing, and growth",18,False,False,False,0.4499452943913122,0.219144011463527,0.1025222390623649,False,0.495370757109865,2,True
pilot_holdout,Psychological_Well_Being_Scales_Well_being,pwb_pg_2,I think it is important to have new experiences that challenge how I think about myself and the world,18,False,False,False,0.2928828886955174,0.150182452857146,0.06049684441240126,False,0.46574360883549587,2,True
pilot_holdout,Psychological_Well_Being_Scales_Well_being,pwb_pg_3,I gave up trying to make big improvements or changes in my life a long time ago,18,True,True,False,0.4906265582577179,-0.23476040078572089,-0.11660218814862659,True,-0.07242936026218828,2,True
pilot_holdout,Psychological_Well_Being_Scales_Well_being,pwb_pr_1,Maintaining close relationships has been difficult and frustrating for me,18,True,True,False,0.5258851265273804,-0.14990168160590955,-0.11821324375814782,True,-0.11880469676086598,2,True
pilot_holdout,Psychological_Well_Being_Scales_Well_being,pwb_pr_2,"People would describe me as a giving person, willing to share my time with others",18,False,False,False,0.4279446288795738,0.15970234830652338,0.08589008571296572,False,0.40526439505784284,2,True
pilot_holdout,Psychological_Well_Being_Scales_Well_being,pwb_pr_3,I have not experienced many warm and trusting relationships with others,18,False,True,True,-0.46190501576502635,-0.1925106133563214,-0.12454606940064653,False,0.016879280212605877,2,True
pilot_holdout,Psychological_Well_Being_Scales_Well_being,pwb_pl_1,Some people wander aimlessly through life but I am not one of them,18,False,True,True,-0.40321116361934833,0.17979077576963529,-0.09786619723919784,False,0.1081824029305081,2,True
pilot_holdout,Psychological_Well_Being_Scales_Well_being,pwb_pl_2,I live life one day at a time and don't really think about the future,18,True,True,False,0.3032020349554477,-0.11832952156350995,-0.06055887883762628,True,-0.10048842605660252,2,True
pilot_holdout,Psychological_Well_Being_Scales_Well_being,pwb_pl_3,I sometimes feel as if I've done all there is to do in life,18,True,True,False,0.4545991891090832,-0.16009814797714764,-0.11188691214761567,True,-0.03760695025269061,2,True
pilot_holdout,Psychological_Well_Being_Scales_Well_being,pwb_sa_1,I like most parts of my personality,18,False,False,False,0.3793141170927967,0.23408815365177466,0.0944024958052241,False,0.4701609653464435,2,True
pilot_holdout,Psychological_Well_Being_Scales_Well_being,pwb_sa_2,"When I look at the story of my life, I am pleased with how things have turned out so far",18,False,False,False,0.5689030102815867,0.24043233417044566,0.16221574784072446,False,0.5603717481485971,2,True
pilot_holdout,Psychological_Well_Being_Scales_Well_being,pwb_sa_3,"In many ways, I feel disappointed about my achievements in life",18,True,True,False,0.5905989449127834,-0.2522016473052489,-0.15360261654704457,True,-0.14164502211370417,2,True
pilot_holdout,Psychological_Well_Being_Scales_Well_being_autonomy,pwb_a_1,I tend to be influenced by people with strong opinions,3,True,True,False,0.46163754251029837,-0.21663893575401505,0.09280902536790639,False,0.11778829824089444,1,True
pilot_holdout,Psychological_Well_Being_Scales_Well_being_autonomy,pwb_a_2,"I have confidence in my own opinions, even if they are different from the way most other people think",3,False,False,False,0.6635181325475211,0.30362698249282327,0.08526131477286544,False,0.7879307771141945,1,True
pilot_holdout,Psychological_Well_Being_Scales_Well_being_autonomy,pwb_a_3,"I judge myself by what I think is important, not by the values of what others think is important",3,False,False,False,0.6389598360761564,0.24131168776545978,0.06359947890678504,False,0.7879307771141942,1,True
pilot_holdout,Psychological_Well_Being_Scales_Well_being_environmental_mastery,pwb_em_1,The demands of everyday life often get me down,3,True,True,False,0.6134918804908813,-0.35207558625285706,-0.13083910370136592,True,-0.15907412174023633,1,True
pilot_holdout,Psychological_Well_Being_Scales_Well_being_environmental_mastery,pwb_em_2,"In general, I feel I am in charge of the situation in which I live",3,False,False,False,0.7300543542973271,0.3479950746526109,0.2506975221085273,False,0.8225040142922968,1,True
pilot_holdout,Psychological_Well_Being_Scales_Well_being_environmental_mastery,pwb_em_3,I am good at managing the responsibilities of daily life,3,False,False,False,0.7130061785757777,0.34720307030553355,0.23316728864672448,False,0.8225040142922968,1,True
pilot_holdout,Psychological_Well_Being_Scales_Well_being_personal_growth,pwb_pg_1,"For me, life has been a continuous process of learning, changing, and growth",3,False,False,False,0.7151938681183917,0.3896795492545179,0.1961027095824387,False,0.8078591151916642,1,True
pilot_holdout,Psychological_Well_Being_Scales_Well_being_personal_growth,pwb_pg_2,I think it is important to have new experiences that challenge how I think about myself and the world,3,False,False,False,0.6717914139295362,0.3612529739183777,0.15385882675542756,False,0.8078591151916643,1,True
pilot_holdout,Psychological_Well_Being_Scales_Well_being_personal_growth,pwb_pg_3,I gave up trying to make big improvements or changes in my life a long time ago,3,True,True,False,0.5596273515693598,-0.3133068883315357,-0.04468883634134968,True,-0.05531761107968344,1,True
pilot_holdout,Psychological_Well_Being_Scales_Well_being_positive_relations_with_others,pwb_pr_1,Maintaining close relationships has been difficult and frustrating for me,3,True,True,False,0.7356539169986032,-0.37251248657926594,-0.3081259722301316,True,-0.20326695955778637,1,True
pilot_holdout,Psychological_Well_Being_Scales_Well_being_positive_relations_with_others,pwb_pr_2,"People would describe me as a giving person, willing to share my time with others",3,False,False,False,0.6829591586948528,0.2607006900918542,0.2502400535913933,False,1.0000000000000002,1,True
pilot_holdout,Psychological_Well_Being_Scales_Well_being_positive_relations_with_others,pwb_pr_3,I have not experienced many warm and trusting relationships with others,3,True,True,False,0.7784145035987406,-0.3883828750359876,-0.35509906626373844,True,-0.2972131476250006,1,True
pilot_holdout,Psychological_Well_Being_Scales_Well_being_purpose_in_life,pwb_pl_1,Some people wander aimlessly through life but I am not one of them,3,False,False,False,0.4081336109067635,0.11442591178922623,-0.17708029498995803,False,0.9999999999999998,1,True
pilot_holdout,Psychological_Well_Being_Scales_Well_being_purpose_in_life,pwb_pl_2,I live life one day at a time and don't really think about the future,3,True,True,False,0.6293714673642457,-0.21540580693964692,0.002034522147140949,False,0.1102585719640757,1,True
pilot_holdout,Psychological_Well_Being_Scales_Well_being_purpose_in_life,pwb_pl_3,I sometimes feel as if I've done all there is to do in life,3,True,True,False,0.544916444389674,-0.12559631332296298,0.06885624517302344,False,0.24390201801584063,1,True
pilot_holdout,Psychological_Well_Being_Scales_Well_being_self_acceptance,pwb_sa_1,I like most parts of my personality,3,False,False,False,0.646151885428504,0.45814253971392416,0.15777180690523562,False,0.780470069439705,1,True
pilot_holdout,Psychological_Well_Being_Scales_Well_being_self_acceptance,pwb_sa_2,"When I look at the story of my life, I am pleased with how things have turned out so far",3,False,False,False,0.7246206076029523,0.47440507813113364,0.2376516530129398,False,0.780470069439705,1,True
pilot_holdout,Psychological_Well_Being_Scales_Well_being_self_acceptance,pwb_sa_3,"In many ways, I feel disappointed about my achievements in life",3,True,True,False,0.6651940397258556,-0.481369547099966,-0.17715640133573987,True,-0.2269867971527974,1,True
pilot_holdout,Rosenberg_Self_Esteem_Scale_Self_Esteem,sest_1,"On the whole, I am satisfied with myself",10,False,False,False,0.6772384066877063,0.4853898780627919,0.3359674101296582,False,0.7641973547286518,1,True
pilot_holdout,Rosenberg_Self_Esteem_Scale_Self_Esteem,sest_2,At times I think I am no good at all,10,True,True,False,0.6474398974777613,-0.4091091036599661,-0.3162959424438261,True,-0.2699016116435248,1,True
pilot_holdout,Rosenberg_Self_Esteem_Scale_Self_Esteem,sest_3,I feel that I have a number of good qualities,10,False,False,False,0.6455905570448653,0.35766668701141663,0.31507510148465223,False,0.7482246832044764,1,True
pilot_holdout,Rosenberg_Self_Esteem_Scale_Self_Esteem,sest_4,I am able to do things as well as most other people,10,False,False,False,0.5722531214928259,0.3049746176675731,0.2666614381211756,False,0.6441346816691823,1,True
pilot_holdout,Rosenberg_Self_Esteem_Scale_Self_Esteem,sest_5,I feel I do not have much to be proud of,10,True,True,False,0.6954499071942567,-0.43683719972566604,-0.34798972108491777,True,-0.44608107821146065,1,True
pilot_holdout,Rosenberg_Self_Esteem_Scale_Self_Esteem,sest_6,I certainly feel useless at times,10,True,True,False,0.6498848643984764,-0.3854861469945079,-0.31790998586576075,True,-0.29742202587507555,1,True
pilot_holdout,Rosenberg_Self_Esteem_Scale_Self_Esteem,sest_7,"I feel that i am a person of worth, at least on an equal plane with others",10,False,False,False,0.34335144973880144,0.4280206883554194,0.11555213908149524,False,0.5760311602393984,1,True
pilot_holdout,Rosenberg_Self_Esteem_Scale_Self_Esteem,sest_8,I wish I could have more respect for myself,10,True,True,False,0.37120707753782706,-0.374775608500937,-0.13394101478854645,True,-0.05177739348641033,1,True
pilot_holdout,Rosenberg_Self_Esteem_Scale_Self_Esteem,sest_9,"All in all, I am inclined to feel that I am a failure",10,True,True,False,0.6866787047813762,-0.4811620953593106,-0.34219941716013996,True,-0.34856339934319613,1,True
pilot_holdout,Rosenberg_Self_Esteem_Scale_Self_Esteem,sest_10,I take a positive attitude toward myself,10,False,False,False,0.6522505260555544,0.48603888318414523,0.3194716759662606,False,0.7646110795617924,1,True
pilot_holdout,Satisfaction_with_Life_Scale_Satisfaction_with_Life,satwl_1,In most ways my life is close to my ideal,5,False,False,False,0.7690750549902194,0.5151484420304809,0.3916966999825595,False,,1,True
pilot_holdout,Satisfaction_with_Life_Scale_Satisfaction_with_Life,satwl_2,The conditions of my life are excellent,5,False,False,False,0.7026534142102141,0.4545933554765886,0.3362761692822129,False,,1,True
pilot_holdout,Satisfaction_with_Life_Scale_Satisfaction_with_Life,satwl_3,I am satisfied with my life,5,False,False,False,0.7714367153844569,0.5245367662344783,0.39366720945576145,False,,1,True
pilot_holdout,Satisfaction_with_Life_Scale_Satisfaction_with_Life,satwl_4,So far I have gotten the important things I want in life,5,False,False,False,0.6818467235220431,0.43605082706862575,0.31891559482914217,False,,1,True
pilot_holdout,Satisfaction_with_Life_Scale_Satisfaction_with_Life,satwl_5,"If I could live my life over, I would change almost nothing",5,False,False,False,0.4124865366487369,0.3768982363931025,0.09416829363695303,False,,1,True
pilot_holdout,Self_Compassion_Scale___Short_Form_Self_Compassion,scomp_1,When I fail at something important to me I become consumed by feelings of inadequacy,12,True,True,False,0.5170984759347834,-0.271257600385604,-0.1340712437871877,False,0.19124425940547934,1,True
pilot_holdout,Self_Compassion_Scale___Short_Form_Self_Compassion,scomp_2,I try to be understanding and patient towards those aspects of my personality I don't like,12,False,False,False,0.3143239366249417,0.22291218514489275,0.0458476541907536,False,0.5606520711524939,1,True
pilot_holdout,Self_Compassion_Scale___Short_Form_Self_Compassion,scomp_3,When something painful happens I try to take a balanced view of the situation.,12,False,False,False,0.5020196709228106,0.23593734882145032,0.12751072435753572,False,0.6288529045714466,1,True
pilot_holdout,Self_Compassion_Scale___Short_Form_Self_Compassion,scomp_4,When I'm feeling down I tend to feel like most other people are probably happier than I am.,12,True,True,False,0.2870665092611068,-0.2588474950663018,-0.033988433139696954,False,0.19012054542291626,1,True
pilot_holdout,Self_Compassion_Scale___Short_Form_Self_Compassion,scomp_5,I try to see my failings as part of the human condition,12,False,False,False,0.22029919656931837,0.12608028619363548,0.004939164856678208,False,0.5544498288475073,1,True
pilot_holdout,Self_Compassion_Scale___Short_Form_Self_Compassion,scomp_6,"When I'm going through a very hard time, I give myself the caring and tenderness I need",12,False,False,False,0.35211100071758,0.26953362585210305,0.06228813259553561,False,0.5833217920671293,1,True
pilot_holdout,Self_Compassion_Scale___Short_Form_Self_Compassion,scomp_7,When something upsets me I try to keep my emotions in balance,12,False,False,False,0.5214904431779797,0.17331525057263486,0.13598211049118072,False,0.602355073313769,1,True
pilot_holdout,Self_Compassion_Scale___Short_Form_Self_Compassion,scomp_8,When I fail at something that's important to me I tend to feel alone in my failure,12,True,True,False,0.4765645985311528,-0.2676569002813886,-0.116435675845663,False,0.19527855571015412,1,True
pilot_holdout,Self_Compassion_Scale___Short_Form_Self_Compassion,scomp_9,When I'm feeling down I tend to obsess and fixate on everything that's wrong,12,True,True,False,0.490857085189244,-0.2842971426127965,-0.12265408216791451,False,0.13096051703887213,1,True
pilot_holdout,Self_Compassion_Scale___Short_Form_Self_Compassion,scomp_10,"When I feel inadequate in some way, I try to remind myself that feelings of inadequacy are shared by most people",12,False,False,False,0.07479610900829077,0.20272181719010574,-0.058366636382911105,False,0.555929610013734,1,True
pilot_holdout,Self_Compassion_Scale___Short_Form_Self_Compassion,scomp_11,I'm disapproving and judgemental about my own flaws and inadequacies,12,True,True,False,0.5585469548636348,-0.26159808658546596,-0.15210473855857964,False,0.08809988451755972,1,True
pilot_holdout,Self_Compassion_Scale___Short_Form_Self_Compassion,scomp_12,I'm intolerant and impatient towards those aspects of my personality I don't like,12,True,True,False,0.4707300526335623,-0.23467448089022583,-0.11389716886888702,True,-0.035732964729440465,1,True
pilot_holdout,Self_Compassion_Scale___Short_Form_Self_Compassion_Common_Humanity,scomp_5,I try to see my failings as part of the human condition,2,False,False,False,0.8173999803449652,0.33554420554902153,0.336285455735899,False,,1,True
pilot_holdout,Self_Compassion_Scale___Short_Form_Self_Compassion_Common_Humanity,scomp_10,"When I feel inadequate in some way, I try to remind myself that feelings of inadequacy are shared by most people",2,False,False,False,0.8173999803449653,0.33554420554902153,0.336285455735899,False,,1,True
pilot_holdout,Self_Compassion_Scale___Short_Form_Self_Compassion_Isolation,scomp_4,When I'm feeling down I tend to feel like most other people are probably happier than I am.,2,False,False,False,0.8063163033018452,0.4396900243696754,0.30029196194070706,False,,1,True
pilot_holdout,Self_Compassion_Scale___Short_Form_Self_Compassion_Isolation,scomp_8,When I fail at something that's important to me I tend to feel alone in my failure,2,False,False,False,0.8063163033018454,0.4396900243696754,0.30029196194070706,False,,1,True
pilot_holdout,Self_Compassion_Scale___Short_Form_Self_Compassion_Mindfulness,scomp_3,When something painful happens I try to take a balanced view of the situation.,2,False,False,False,0.8442589440704462,0.3908496254016025,0.42554632928589037,False,,1,True
pilot_holdout,Self_Compassion_Scale___Short_Form_Self_Compassion_Mindfulness,scomp_7,When something upsets me I try to keep my emotions in balance,2,False,False,False,0.8442589440704463,0.3908496254016025,0.42554632928589037,False,,1,True
pilot_holdout,Self_Compassion_Scale___Short_Form_Self_Compassion_Over_Identification,scomp_1,When I fail at something important to me I become consumed by feelings of inadequacy,2,False,False,False,0.8530630087341278,0.5140137040395344,0.4554329937410462,False,,1,True
pilot_holdout,Self_Compassion_Scale___Short_Form_Self_Compassion_Over_Identification,scomp_9,When I'm feeling down I tend to obsess and fixate on everything that's wrong,2,False,False,False,0.8530630087341282,0.5140137040395344,0.4554329937410462,False,,1,True
pilot_holdout,Self_Compassion_Scale___Short_Form_Self_Compassion_Self_Judgement,scomp_11,I'm disapproving and judgemental about my own flaws and inadequacies,2,False,False,False,0.8574589648583117,0.3220839426668647,0.47047175283177584,False,,1,True
pilot_holdout,Self_Compassion_Scale___Short_Form_Self_Compassion_Self_Judgement,scomp_12,I'm intolerant and impatient towards those aspects of my personality I don't like,2,False,False,False,0.8574589648583121,0.3220839426668647,0.47047175283177584,False,,1,True
pilot_holdout,Self_Compassion_Scale___Short_Form_Self_Compassion_Self_Kindness,scomp_2,I try to be understanding and patient towards those aspects of my personality I don't like,2,False,False,False,0.801058834470588,0.32719154269781686,0.2833905125667552,False,,1,True
pilot_holdout,Self_Compassion_Scale___Short_Form_Self_Compassion_Self_Kindness,scomp_6,"When I'm going through a very hard time, I give myself the caring and tenderness I need",2,False,False,False,0.8010588344705882,0.32719154269781686,0.2833905125667552,False,,1,True
pilot_holdout,Self_Control_Scale_Self_Control,scont_1,I am good at resisting temptation,13,False,False,False,0.3996899609173072,0.26745210200058184,0.14308753260284268,False,0.7099365282104207,2,True
pilot_holdout,Self_Control_Scale_Self_Control,scont_2,I have a hard time breaking bad habits,13,True,True,False,0.5599210393022412,-0.281517454655128,-0.16919125009113792,True,-0.03386603485836273,2,True
pilot_holdout,Self_Control_Scale_Self_Control,scont_3,I am lazy,13,True,True,False,0.5153952027362949,-0.28948173976065256,-0.1767738381685433,True,-0.15685303324606728,2,True
pilot_holdout,Self_Control_Scale_Self_Control,scont_4,I say inappropriate things,13,True,True,False,0.4377255903646857,-0.19856333348450161,-0.12674658190225505,True,-0.08754501619853103,2,True
pilot_holdout,Self_Control_Scale_Self_Control,scont_5,"I do certain things that are bad for me, if they are fun",13,True,True,False,0.5815040553062254,-0.2421610157262392,-0.14689503964162084,False,0.081411291995244,2,True
pilot_holdout,Self_Control_Scale_Self_Control,scont_6,I refuse things that are bad for me,13,False,True,True,-0.3799361149884727,0.1775655759663761,-0.11163301171750921,False,0.46801050655388104,2,True
pilot_holdout,Self_Control_Scale_Self_Control,scont_7,I wish I had more self-discipline,13,True,True,False,0.4951534583516061,-0.26836418193742734,-0.141861101617581,False,0.10511108353060832,2,True
pilot_holdout,Self_Control_Scale_Self_Control,scont_8,People would say that I have iron self-discipline,13,False,False,False,0.18555293818953675,0.2746143141797963,0.017164252481499175,False,0.6042916927835882,2,True
pilot_holdout,Self_Control_Scale_Self_Control,scont_9,Pleasure and fun sometimes keep me from getting work done,13,True,True,False,0.5689535272153186,-0.21622692331508064,-0.19184384643435912,True,-0.06554442361491192,2,True
pilot_holdout,Self_Control_Scale_Self_Control,scont_10,I have trouble concentrating,13,True,True,False,0.6211867735400137,-0.2984682260488452,-0.2256137745431648,True,-0.15982092411556095,2,True
pilot_holdout,Self_Control_Scale_Self_Control,scont_11,I am able to work effectively toward long-term goals,13,False,False,False,0.42354924258472726,0.25780513466558636,0.12321184113248308,False,0.5569774256448247,2,True
pilot_holdout,Self_Control_Scale_Self_Control,scont_12,Sometimes I can't stop myself from doing something even if I know it is wrong,13,True,True,False,0.4577869557606898,-0.27337885059425154,-0.11214235774958096,False,0.17342234342773372,2,True
pilot_holdout,Self_Control_Scale_Self_Control,scont_13,I often act without thinking through all the alternatives,13,True,True,False,0.5315123408143846,-0.19719482119969503,-0.1671802529587767,True,-0.10855155924100895,2,True
pilot_holdout,Short_Grit_Scale_Grit,grit_c_1,I often set a goal but later choose to pursue a different one,12,True,True,False,0.46648926516629763,-0.2731855868605644,-0.1506267578745985,False,0.0035185045229946484,1,True
pilot_holdout,Short_Grit_Scale_Grit,grit_c_2,New ideas and new projects sometimes distract me from previous ones,12,True,True,False,0.5661164948117094,-0.18721502960545833,-0.20221111205216732,True,-0.0713303923711356,1,True
pilot_holdout,Short_Grit_Scale_Grit,grit_c_3,I become interested in new pursuits every few months,12,True,True,False,0.22427447118230712,-0.1017330614175981,-0.02521432028713584,False,0.22339309807662358,1,True
pilot_holdout,Short_Grit_Scale_Grit,grit_c_4,My interests change from year to year,12,True,True,False,0.5170100557457014,-0.147625789916645,-0.17678509193501743,True,-0.08485219043767007,1,True
pilot_holdout,Short_Grit_Scale_Grit,grit_c_5,I have been obsessed with a certain idea or project for a short time but later lost interest,12,True,True,False,0.598792693524216,-0.24285101578226265,-0.21912998667672323,True,-0.09846009967137939,1,True
pilot_holdout,Short_Grit_Scale_Grit,grit_c_6,I have difficulty maintaining my focus on projects that take more than a few months to complete,12,True,True,False,0.5385183322291812,-0.26265861477617497,-0.1879215107215453,True,-0.12499892260053919,1,True
pilot_holdout,Short_Grit_Scale_Grit,grit_p_1,I have achieved a goal that took years of work,12,False,False,False,0.4153564653463808,0.22728489337610472,0.12415154155683958,False,0.7518365100396801,1,True
pilot_holdout,Short_Grit_Scale_Grit,grit_p_2,I have overcome setbacks to conquer an important challenge,12,False,False,False,0.4090883956292373,0.13552795536267645,0.12090610023071212,False,0.673416067745302,1,True
pilot_holdout,Short_Grit_Scale_Grit,grit_p_3,I finish whatever I begin,12,False,False,False,0.6313239965336784,0.27281482771527615,0.23597383812447045,False,0.7003999826774023,1,True
pilot_holdout,Short_Grit_Scale_Grit,grit_p_4,Setbacks don't discourage me,12,False,False,False,0.27864240520143196,0.1257208825281146,0.053364603842414746,False,0.4283811629894793,1,True
pilot_holdout,Short_Grit_Scale_Grit,grit_p_5,I am a hard worker,12,False,False,False,0.5499533756930867,0.2487717522330826,0.1938422748959324,False,0.7225042694552535,1,True
pilot_holdout,Short_Grit_Scale_Grit,grit_p_6,I am diligent,12,False,False,False,0.4999441817871701,0.2575319330145692,0.1679488321116753,False,0.6300470070194245,1,True
pilot_holdout,Short_Grit_Scale_Grit_Consistency_of_Interest,grit_c_1,I often set a goal but later choose to pursue a different one,6,True,True,False,0.6679914112698866,-0.3407559911124594,-0.33412793472245766,False,,1,True
pilot_holdout,Short_Grit_Scale_Grit_Consistency_of_Interest,grit_c_2,New ideas and new projects sometimes distract me from previous ones,6,True,True,False,0.7367816281556585,-0.2994843629644799,-0.38913279833957753,False,,1,True
pilot_holdout,Short_Grit_Scale_Grit_Consistency_of_Interest,grit_c_3,I become interested in new pursuits every few months,6,True,True,False,0.5377822884725713,-0.25164507201302944,-0.23001232983835024,False,,1,True
pilot_holdout,Short_Grit_Scale_Grit_Consistency_of_Interest,grit_c_4,My interests change from year to year,6,True,True,False,0.6536127866561432,-0.24117417088772397,-0.3226307433820959,False,,1,True
pilot_holdout,Short_Grit_Scale_Grit_Consistency_of_Interest,grit_c_5,I have been obsessed with a certain idea or project for a short time but later lost interest,6,True,True,False,0.75682235174826,-0.33441098386377144,-0.4051574209952945,False,,1,True
pilot_holdout,Short_Grit_Scale_Grit_Consistency_of_Interest,grit_c_6,I have difficulty maintaining my focus on projects that take more than a few months to complete,6,True,True,False,0.6450245209489824,-0.2694655618626845,-0.3157635403797507,False,,1,True
pilot_holdout,Short_Grit_Scale_Grit_Perseverance_of_Effort,grit_p_1,I have achieved a goal that took years of work,6,False,False,False,0.7518365100396801,0.328427730978469,0.3874226465036269,False,,1,True
pilot_holdout,Short_Grit_Scale_Grit_Perseverance_of_Effort,grit_p_2,I have overcome setbacks to conquer an important challenge,6,False,False,False,0.6734160677453022,0.29182109177296495,0.32615142179266254,False,,1,True
pilot_holdout,Short_Grit_Scale_Grit_Perseverance_of_Effort,grit_p_3,I finish whatever I begin,6,False,False,False,0.7003999826774023,0.319242502282804,0.34723441325527016,False,,1,True
pilot_holdout,Short_Grit_Scale_Grit_Perseverance_of_Effort,grit_p_4,Setbacks don't discourage me,6,False,False,False,0.4283811629894793,0.16689732582857447,0.13470148511715746,False,,1,True
pilot_holdout,Short_Grit_Scale_Grit_Perseverance_of_Effort,grit_p_5,I am a hard worker,6,False,False,False,0.7225042694552537,0.3842887502178196,0.36450486828735545,False,,1,True
pilot_holdout,Short_Grit_Scale_Grit_Perseverance_of_Effort,grit_p_6,I am diligent,6,False,False,False,0.6300470070194246,0.3615016625399813,0.2922664373741393,False,,1,True
validation_prolific,Attitudes_Toward_AI_in_Defense_Scale_negative_attitude_toward_ai_in_defense,AAID_01,The use of AI in Defense could be used to spy on us,3,False,False,False,0.8960658470550463,0.600716729212451,0.7280003827506163,False,,1,True
validation_prolific,Attitudes_Toward_AI_in_Defense_Scale_negative_attitude_toward_ai_in_defense,AAID_05,The use of AI in Defense could be used unethically by those in power,3,False,False,False,0.9402337393752989,0.5923489856486223,0.7885296271725681,False,,1,True
validation_prolific,Attitudes_Toward_AI_in_Defense_Scale_negative_attitude_toward_ai_in_defense,AAID_09,The use of AI in Defense could lead to unforeseen consequences,3,False,False,False,0.9045712698498836,0.6175892316426481,0.7396565154799719,False,,1,True
validation_prolific,Attitudes_Toward_AI_in_Defense_Scale_positive_attitude_toward_ai_in_defense,AAID_07,The use of AI in Defense could be used to maintain peace,3,False,False,False,0.9293853187123228,0.7613016938027851,0.7956995627927178,False,,1,True
validation_prolific,Attitudes_Toward_AI_in_Defense_Scale_positive_attitude_toward_ai_in_defense,AAID_12,The use of AI in Defense could save lives,3,False,False,False,0.9343362980786494,0.7697629991418675,0.8026019548051428,False,,1,True
validation_prolific,Attitudes_Toward_AI_in_Defense_Scale_positive_attitude_toward_ai_in_defense,AAID_14,The use of AI in Defense could protect critical national infrastructure,3,False,False,False,0.9245719718960735,0.7623016744003048,0.7889890507587806,False,,1,True
validation_prolific,Authoritarianism_Short_Scale_authoritarianism,KSA3_01,We should take strong action against misfits and slackers in society.,9,False,False,False,0.5932834128628777,0.46941283880118323,0.2509805795403239,False,,1,True
validation_prolific,Authoritarianism_Short_Scale_authoritarianism,KSA3_02,Troublemakers should be made to feel that they are not welcome in society.,9,False,False,False,0.5127328204907938,0.3795487653576767,0.1999333772323568,False,,1,True
validation_prolific,Authoritarianism_Short_Scale_authoritarianism,KSA3_03,Rules in society should be enforced without pity.,9,False,False,False,0.5860951387195364,0.468937323719678,0.2464251656863168,False,,1,True
validation_prolific,Authoritarianism_Short_Scale_authoritarianism,KSA3_04,We need strong leaders so that we can live safely in society.,9,False,False,False,0.5632220448811803,0.3414252930967821,0.23192983530833272,False,,1,True
validation_prolific,Authoritarianism_Short_Scale_authoritarianism,KSA3_05,People should leave important decisions in society to their leaders.,9,False,False,False,0.596826789985,0.42934829042800066,0.253226118443016,False,,1,True
validation_prolific,Authoritarianism_Short_Scale_authoritarianism,KSA3_06,We should be grateful for leaders telling us exactly what to do.,9,False,False,False,0.6192295702545014,0.4506527525382703,0.26742339773049273,False,,1,True
validation_prolific,Authoritarianism_Short_Scale_authoritarianism,KSA3_07,Traditions should definitely be carried on and kept alive.,9,False,False,False,0.5225352344205808,0.3424798080164402,0.20614544584966582,False,,1,True
validation_prolific,Authoritarianism_Short_Scale_authoritarianism,KSA3_08,Well-established behavior should not be questioned.,9,False,False,False,0.5600926073944463,0.46867370934219416,0.2299466217304919,False,,1,True
validation_prolific,Authoritarianism_Short_Scale_authoritarianism,KSA3_09,It's always best to do things in the usual way.,9,False,False,False,0.5158100065575791,0.4362452908928434,0.20188347759865632,False,,1,True
validation_prolific,Authoritarianism_Short_Scale_authoritarianismauthoritarian_aggression,KSA3_01,We should take strong action against misfits and slackers in society.,4,False,False,False,0.7680457897333577,0.4897391302581619,0.36781926284205896,False,,1,True
validation_prolific,Authoritarianism_Short_Scale_authoritarianismauthoritarian_aggression,KSA3_02,Troublemakers should be made to feel that they are not welcome in society.,4,False,False,False,0.6703588619735712,0.4262719094729297,0.2786404092805396,False,,1,True
validation_prolific,Authoritarianism_Short_Scale_authoritarianismauthoritarian_aggression,KSA3_03,Rules in society should be enforced without pity.,4,False,False,False,0.670505568549905,0.4568843379100704,0.27877433840071403,False,,1,True
validation_prolific,Authoritarianism_Short_Scale_authoritarianismauthoritarian_aggression,KSA3_04,We need strong leaders so that we can live safely in society.,4,False,False,False,0.629803820811517,0.3554361254164671,0.2416175223916657,False,,1,True
validation_prolific,Authoritarianism_Short_Scale_authoritarianismauthoritarian_submissiveness,KSA3_05,People should leave important decisions in society to their leaders.,2,False,False,False,0.8521734994271157,0.6838874323474221,0.4523993462517129,False,,1,True
validation_prolific,Authoritarianism_Short_Scale_authoritarianismauthoritarian_submissiveness,KSA3_06,We should be grateful for leaders telling us exactly what to do.,2,False,False,False,0.8521734994271157,0.6838874323474221,0.4523993462517129,False,,1,True
validation_prolific,Authoritarianism_Short_Scale_authoritarianismconventionalism,KSA3_07,Traditions should definitely be carried on and kept alive.,3,False,False,False,0.7442557568183328,0.39574446639769667,0.3541167527579512,False,,1,True
validation_prolific,Authoritarianism_Short_Scale_authoritarianismconventionalism,KSA3_08,Well-established behavior should not be questioned.,3,False,False,False,0.779847939919917,0.4794438393727942,0.39496276513446266,False,,1,True
validation_prolific,Authoritarianism_Short_Scale_authoritarianismconventionalism,KSA3_09,It's always best to do things in the usual way.,3,False,False,False,0.77112007528676,0.4953701246719292,0.3849465639419433,False,,1,True
validation_prolific,Center_for_Epidemiological_Studies_Depression_Scale_depression,CESD_01,I was bothered by things that usually don’t bother me.,20,False,False,False,0.5120013376265425,0.4978774612654078,0.2361777372320216,False,0.5492388290653816,1,True
validation_prolific,Center_for_Epidemiological_Studies_Depression_Scale_depression,CESD_02,I did not feel like eating; my appetite was poor.,20,False,False,False,0.5999528797186345,0.4621163029565214,0.2857893746669765,False,0.60578428733436,1,True
validation_prolific,Center_for_Epidemiological_Studies_Depression_Scale_depression,CESD_03,I felt that I could not shake off the blues even with help from my family or friends.,20,False,False,False,0.6330008832431604,0.6036094597062486,0.3044310667829729,False,0.6695097753132144,1,True
validation_prolific,Center_for_Epidemiological_Studies_Depression_Scale_depression,CESD_04,I felt that I was just as good as other people.,20,True,True,False,0.16412118961792524,-0.5034369632366505,-0.03994577400219496,False,0.02347265428440427,1,True
validation_prolific,Center_for_Epidemiological_Studies_Depression_Scale_depression,CESD_05,I had trouble keeping my mind on what I was doing.,20,False,False,False,0.6321126076236674,0.48495461813505036,0.3039300089626286,False,0.6625829206854177,1,True
validation_prolific,Center_for_Epidemiological_Studies_Depression_Scale_depression,CESD_06,I felt depressed.,20,False,False,False,0.7758089921963454,0.6360103380195978,0.38498615377324386,False,0.7901663648115559,1,True
validation_prolific,Center_for_Epidemiological_Studies_Depression_Scale_depression,CESD_07,I felt that everything I did was an effort.,20,False,False,False,0.3733967850507233,0.49589515224952424,0.15799378905263026,False,0.4542703972020695,1,True
validation_prolific,Center_for_Epidemiological_Studies_Depression_Scale_depression,CESD_08,I felt hopeful about the future.,20,True,True,False,0.2568007199474401,-0.4639189327944749,-0.09222437136363011,True,-0.03970779728794808,1,True
validation_prolific,Center_for_Epidemiological_Studies_Depression_Scale_depression,CESD_09,I thought my life had been a failure.,20,False,False,False,0.73668788173589,0.6060260370136832,0.36291874822184705,False,0.7646985106342822,1,True
validation_prolific,Center_for_Epidemiological_Studies_Depression_Scale_depression,CESD_10,I felt fearful.,20,False,False,False,0.6965934603267167,0.5470791510741023,0.3403023181877563,False,0.7484896914236728,1,True
validation_prolific,Center_for_Epidemiological_Studies_Depression_Scale_depression,CESD_11,My sleep was restless.,20,False,False,False,0.4966666178254737,0.4582616895289414,0.22752774041740456,False,0.49264430686931926,1,True
validation_prolific,Center_for_Epidemiological_Studies_Depression_Scale_depression,CESD_12,I was happy.,20,True,True,False,0.29999966741210093,-0.5353934724835999,-0.11659200003970671,True,-0.054834506029084344,1,True
validation_prolific,Center_for_Epidemiological_Studies_Depression_Scale_depression,CESD_13,I talked less than usual.,20,False,False,False,0.4680891481132037,0.5059405587675784,0.21140778353604575,False,0.4858545123036037,1,True
validation_prolific,Center_for_Epidemiological_Studies_Depression_Scale_depression,CESD_14,I felt lonely.,20,False,False,False,0.721739135228409,0.5637357728232771,0.3544864709223808,False,0.740716882281951,1,True
validation_prolific,Center_for_Epidemiological_Studies_Depression_Scale_depression,CESD_15,People were unfriendly.,20,False,False,False,0.6048136180438958,0.40878133464674427,0.288531216159722,False,0.5874643627774866,1,True
validation_prolific,Center_for_Epidemiological_Studies_Depression_Scale_depression,CESD_16,I enjoyed life.,20,True,True,False,0.18659550486573945,-0.5424008068376,-0.0526230682616402,False,0.03700412979459105,1,True
validation_prolific,Center_for_Epidemiological_Studies_Depression_Scale_depression,CESD_17,I had crying spells.,20,False,False,False,0.4880753209463307,0.4429614903354501,0.222681568358047,False,0.5447604594959002,1,True
validation_prolific,Center_for_Epidemiological_Studies_Depression_Scale_depression,CESD_18,I felt sad.,20,False,False,False,0.7272596435863669,0.6219281961612413,0.3576004749818535,False,0.7763402741158073,1,True
validation_prolific,Center_for_Epidemiological_Studies_Depression_Scale_depression,CESD_19,I felt that people dislike me.,20,False,False,False,0.6916440626482286,0.5602186274527364,0.3375104657960216,False,0.708202406302485,1,True
validation_prolific,Center_for_Epidemiological_Studies_Depression_Scale_depression,CESD_20,"I could not get ""going"".",20,False,False,False,0.6521457617997705,0.5774833911008889,0.31523029498402333,False,0.6559688823650793,1,True
validation_prolific,Center_for_Epidemiological_Studies_Depression_Scale_depressiondepressive_affect,CESD_03,I felt that I could not shake off the blues even with help from my family or friends.,7,False,False,False,0.6748806186627726,0.6891611573501234,0.4424328507268815,False,,1,True
validation_prolific,Center_for_Epidemiological_Studies_Depression_Scale_depressiondepressive_affect,CESD_06,I felt depressed.,7,False,False,False,0.8648708967188439,0.7274109781121271,0.6139046391784683,False,,1,True
validation_prolific,Center_for_Epidemiological_Studies_Depression_Scale_depressiondepressive_affect,CESD_09,I thought my life had been a failure.,7,False,False,False,0.792569494160933,0.6717833330361426,0.5486505065406698,False,,1,True
validation_prolific,Center_for_Epidemiological_Studies_Depression_Scale_depressiondepressive_affect,CESD_10,I felt fearful.,7,False,False,False,0.765041077835657,0.6237675006962856,0.5238053048343917,False,,1,True
validation_prolific,Center_for_Epidemiological_Studies_Depression_Scale_depressiondepressive_affect,CESD_14,I felt lonely.,7,False,False,False,0.7765471026338199,0.6364094459420537,0.5341898290863483,False,,1,True
validation_prolific,Center_for_Epidemiological_Studies_Depression_Scale_depressiondepressive_affect,CESD_17,I had crying spells.,7,False,False,False,0.661265062722667,0.5351643536507708,0.43014441285679444,False,,1,True
validation_prolific,Center_for_Epidemiological_Studies_Depression_Scale_depressiondepressive_affect,CESD_18,I felt sad.,7,False,False,False,0.8800014143375218,0.7159802101636882,0.6275603743182806,False,,1,True
validation_prolific,Center_for_Epidemiological_Studies_Depression_Scale_depressioninterpersonal,CESD_15,People were unfriendly.,2,False,False,False,0.8796681849303621,0.6356455542023244,0.5476322311573553,False,,1,True
validation_prolific,Center_for_Epidemiological_Studies_Depression_Scale_depressioninterpersonal,CESD_19,I felt that people dislike me.,2,False,False,False,0.879668184930362,0.6356455542023244,0.5476322311573553,False,,1,True
validation_prolific,Center_for_Epidemiological_Studies_Depression_Scale_depressionsomatic,CESD_01,I was bothered by things that usually don’t bother me.,7,False,False,False,0.6114846133155913,0.5204317377661253,0.2777889969984276,False,,1,True
validation_prolific,Center_for_Epidemiological_Studies_Depression_Scale_depressionsomatic,CESD_02,I did not feel like eating; my appetite was poor.,7,False,False,False,0.6704713398192157,0.5042321481283727,0.32066331321947855,False,,1,True
validation_prolific,Center_for_Epidemiological_Studies_Depression_Scale_depressionsomatic,CESD_05,I had trouble keeping my mind on what I was doing.,7,False,False,False,0.7468042675421105,0.4979550600078752,0.37614566111801695,False,,1,True
validation_prolific,Center_for_Epidemiological_Studies_Depression_Scale_depressionsomatic,CESD_07,I felt that everything I did was an effort.,7,False,False,False,0.4889527331089813,0.49979805490144097,0.18872708611555544,False,,1,True
validation_prolific,Center_for_Epidemiological_Studies_Depression_Scale_depressionsomatic,CESD_11,My sleep was restless.,7,False,False,False,0.5726072300810451,0.4779097749663807,0.24953109354378333,False,,1,True
validation_prolific,Center_for_Epidemiological_Studies_Depression_Scale_depressionsomatic,CESD_13,I talked less than usual.,7,False,False,False,0.5633913682065664,0.5053840852178734,0.2428325733905817,False,,1,True
validation_prolific,Center_for_Epidemiological_Studies_Depression_Scale_depressionsomatic,CESD_20,"I could not get ""going"".",7,False,False,False,0.7073695347113264,0.5693739407845905,0.34748264986622607,False,,1,True
validation_prolific,Center_for_Epidemiological_Studies_Depression_Scale_depressionwell_being,CESD_04,I felt that I was just as good as other people.,4,True,True,False,0.6528624362098766,-0.6166235179575488,-0.3330840195433666,False,,1,True
validation_prolific,Center_for_Epidemiological_Studies_Depression_Scale_depressionwell_being,CESD_08,I felt hopeful about the future.,4,True,True,False,0.7660244253444276,-0.678584500778451,-0.44859551026890493,False,,1,True
validation_prolific,Center_for_Epidemiological_Studies_Depression_Scale_depressionwell_being,CESD_12,I was happy.,4,True,True,False,0.8666477463137479,-0.7379824989695654,-0.551308001413793,False,,1,True
validation_prolific,Center_for_Epidemiological_Studies_Depression_Scale_depressionwell_being,CESD_16,I enjoyed life.,4,True,True,False,0.776752250350572,-0.7415745382376654,-0.4595460694467662,False,,1,True
validation_prolific,Chronotype_Questionnaire_distinctness,CQ_01,I can work efficiently at any time of the day,8,True,True,False,0.7235808308803918,-0.575784688048288,-0.2959477392077705,True,-0.03589560842346935,1,True
validation_prolific,Chronotype_Questionnaire_distinctness,CQ_06,My mood stays the same throughout the day.,8,True,True,False,0.3406632021366967,-0.4379801472518385,-0.06373301246188141,False,0.2677848918791741,1,True
validation_prolific,Chronotype_Questionnaire_distinctness,CQ_08,I can focus at any time of the day.,8,True,True,False,0.6821383380568472,-0.593418960932235,-0.2708155530029681,False,0.14668941447917025,1,True
validation_prolific,Chronotype_Questionnaire_distinctness,CQ_10,"At any time of the day, my motivation is the same.",8,True,True,False,0.6751906291641789,-0.45542423881192257,-0.2666022178078396,False,0.03685919588888683,1,True
validation_prolific,Chronotype_Questionnaire_distinctness,CQ_12,"If I need it, I’m able to concentrate at any time of the day.",8,True,True,False,0.6760054716406565,-0.5150984582976017,-0.2670963669637219,False,0.11151268414242858,1,True
validation_prolific,Chronotype_Questionnaire_distinctness,CQ_03,There are moments during the day where I would prefer to avoid any work.,8,False,False,False,0.42596849763059935,0.43996560768224674,0.11546514594470193,False,0.7634245275144043,1,True
validation_prolific,Chronotype_Questionnaire_distinctness,CQ_14,There are moments during the day where I feel unable to do anything.,8,False,False,False,0.42727847192065677,0.534561193092613,0.11625956045836079,False,0.8934702421621942,1,True
validation_prolific,Chronotype_Questionnaire_distinctness,CQ_15,There are moments during the day when it is harder for me to think.,8,False,False,False,0.2942209215548622,0.515955617515943,0.03556877899436149,False,0.8292981409774757,1,True
validation_prolific,Chronotype_Questionnaire_morningness_eveningness,CQ_02,I feel I can think the best in the morning.,8,True,True,False,0.7079665149161438,-0.5513647076972418,-0.13368355310172275,False,0.2126866804782973,2,True
validation_prolific,Chronotype_Questionnaire_morningness_eveningness,CQ_07,"I like to get up earlier then necessary, e.g. in order to prepare things for the whole day.",8,True,True,False,0.6086120526550037,-0.40087189870698337,-0.0722159251274066,False,0.21645063484853,2,True
validation_prolific,Chronotype_Questionnaire_morningness_eveningness,CQ_11,I am usually in an excellent mood in the morning.,8,True,True,False,0.7656128395344373,-0.5150352068913805,-0.16400478941446453,False,0.12088471996699332,2,True
validation_prolific,Chronotype_Questionnaire_morningness_eveningness,CQ_13,"I am in my best form in the morning, in the course of the day my energy runs out.",8,True,True,False,0.3597828866894877,-0.4688159449003387,0.006619831017882906,False,0.3776108809409096,2,True
validation_prolific,Chronotype_Questionnaire_morningness_eveningness,CQ_04,I feel drowsy for a long time after awakening.,8,False,False,False,0.3785993479763762,0.3968639679391512,0.05996445404392411,False,0.6519235259019557,2,True
validation_prolific,Chronotype_Questionnaire_morningness_eveningness,CQ_05,"If I were to study anything by myself, I would rather do it in the evening.",8,False,False,False,0.29349944901188413,0.48211848567394944,0.05295914894643431,False,0.5230832686777385,2,True
validation_prolific,Chronotype_Questionnaire_morningness_eveningness,CQ_09,My work goes better in the afternoon than before noon.,8,False,True,True,-0.5537682390713278,0.44696178546911336,-0.15671691157831166,False,0.5301525606380609,2,True
validation_prolific,Chronotype_Questionnaire_morningness_eveningness,CQ_16,I feel sluggish in the morning and I warm up slowly during the day.,8,False,False,False,0.11897458534642329,0.544265422023659,-0.04064809211954446,False,0.6623471779559607,2,True
validation_prolific,Disgust_Avoidance_Questionnaire_behavioral_escape,DAQ_02,I am quick to stop any activity that makes me feel disgusted.,4,False,False,False,0.6269968206074313,0.744196777409791,0.3333113244648204,False,,1,True
validation_prolific,Disgust_Avoidance_Questionnaire_behavioral_escape,DAQ_06,"If I start feeling strong disgust, I prefer to leave the situation.",4,False,False,False,0.8306514640835414,0.7550957725906281,0.5498439696823954,False,,1,True
validation_prolific,Disgust_Avoidance_Questionnaire_behavioral_escape,DAQ_08,"If I am in a situation in which I feel revolted, I leave the situation immediately.",4,False,False,False,0.8525200500242552,0.758766691090508,0.5730954049557879,False,,1,True
validation_prolific,Disgust_Avoidance_Questionnaire_behavioral_escape,DAQ_10,I am quick to leave any situation that makes me feel disgusted.,4,False,False,False,0.8795351975242743,0.779614398577357,0.6018188420907151,False,,1,True
validation_prolific,Disgust_Avoidance_Questionnaire_behavioral_prevention,DAQ_05,I try to avoid activities that could make me feel disgusted.,5,False,False,False,0.8727493938126868,0.7541964124091125,0.6710892409705225,False,,1,True
validation_prolific,Disgust_Avoidance_Questionnaire_behavioral_prevention,DAQ_07,I avoid actions that remind me of repulsive things.,5,False,False,False,0.8913992803231193,0.761185374272747,0.6907721074747735,False,,1,True
validation_prolific,Disgust_Avoidance_Questionnaire_behavioral_prevention,DAQ_09,I try hard to avoid situations that might bring up feelings of repulsion in me.,5,False,False,False,0.8028926559067584,0.7367989639614974,0.5973632777666361,False,,1,True
validation_prolific,Disgust_Avoidance_Questionnaire_behavioral_prevention,DAQ_11,I avoid certain situations that make me pay attention to disgusting things.,5,False,False,False,0.8263316818677396,0.7503519493189608,0.6221005445978085,False,,1,True
validation_prolific,Disgust_Avoidance_Questionnaire_behavioral_prevention,DAQ_15,I avoid objects that can trigger feelings of disgust.,5,False,False,False,0.8281790052003968,0.7537182920976961,0.6240501874831175,False,,1,True
validation_prolific,Disgust_Avoidance_Questionnaire_cognitive_escape,DAQ_12,"When I think about something gross, I push those thoughts out of my mind.",4,False,False,False,0.7768103060693614,0.7340303249240341,0.43013111228131223,False,,1,True
validation_prolific,Disgust_Avoidance_Questionnaire_cognitive_escape,DAQ_14,"When thoughts about repulsive things come up, I try very hard to stop thinking about them.",4,False,False,False,0.7642708989770476,0.7555014970921712,0.417807136390067,False,,1,True
validation_prolific,Disgust_Avoidance_Questionnaire_cognitive_escape,DAQ_16,"If thoughts about disgusting things cross my mind, I try to push them away as much as possible.",4,False,False,False,0.8130126656196478,0.7413277431631985,0.4657115032056487,False,,1,True
validation_prolific,Disgust_Avoidance_Questionnaire_cognitive_escape,DAQ_24,"When thoughts about revolting things come up, I try to fill my head with something else.",4,False,False,False,0.5943651275586993,0.7198017507952356,0.25082040286048407,False,,1,True
validation_prolific,Disgust_Avoidance_Questionnaire_cognitive_prevention,DAQ_19,I try not to think about gross situations.,4,False,False,False,0.5684576460681989,0.6403284806921602,0.20262734703642357,False,,1,True
validation_prolific,Disgust_Avoidance_Questionnaire_cognitive_prevention,DAQ_21,I try hard to avoid thinking about a repulsive past situation.,4,False,False,False,0.7281468561867309,0.6589089063080724,0.3531876188434975,False,,1,True
validation_prolific,Disgust_Avoidance_Questionnaire_cognitive_prevention,DAQ_23,I distract myself to avoid thinking about things that disgust me.,4,False,False,False,0.7778859210873263,0.6829328268876886,0.4000832552193345,False,,1,True
validation_prolific,Disgust_Avoidance_Questionnaire_cognitive_prevention,DAQ_25,"To avoid thinking about things that revolt me, I force myself to think about something else.",4,False,False,False,0.7540088540100093,0.6925698497500563,0.3775711662281736,False,,1,True
validation_prolific,Fear_of_COVID_19_Scale_fear_of_covid_19,FCV19S_01,I am most afraid of coronavirus-19,7,False,False,False,0.8467074268649171,0.6567403433661109,0.5950921272223266,False,,1,True
validation_prolific,Fear_of_COVID_19_Scale_fear_of_covid_19,FCV19S_02,It makes me uncomfortable to think about coronavirus-19.,7,False,False,False,0.5751720977592041,0.61675852909921,0.35079944921465095,False,,1,True
validation_prolific,Fear_of_COVID_19_Scale_fear_of_covid_19,FCV19S_03,My hands become clammy when I think about coronavirus-19.,7,False,False,False,0.7955683770805796,0.6664016505487261,0.5490837663076408,False,,1,True
validation_prolific,Fear_of_COVID_19_Scale_fear_of_covid_19,FCV19S_04,I am afraid of losing my life because of coronavirus-19.,7,False,False,False,0.8500962451956228,0.6452357554729761,0.5981409515061356,False,,1,True
validation_prolific,Fear_of_COVID_19_Scale_fear_of_covid_19,FCV19S_05,"When watching news and stories about coronavirus-19 on social media, I become nervous or anxious.",7,False,False,False,0.8062290647552129,0.6322570129131073,0.5586748863656341,False,,1,True
validation_prolific,Fear_of_COVID_19_Scale_fear_of_covid_19,FCV19S_06,I cannot sleep because I’m worrying about getting coronavirus-19.,7,False,False,False,0.7212726447369376,0.59392879739932,0.4822419911377371,False,,1,True
validation_prolific,Fear_of_COVID_19_Scale_fear_of_covid_19,FCV19S_07,My heart races or palpitates when I think about getting coronavirus-19.,7,False,False,False,0.8029849371453054,0.6835771099717776,0.5557562362428926,False,,1,True
validation_prolific,HEXACO_60_agreeableness,HEXACO_05,People sometimes tell me that I'm too stubborn.,10,True,True,False,0.4474789107047179,-0.2626813809174522,-0.07452101698773024,False,0.02689596345506446,2,True
validation_prolific,HEXACO_60_agreeableness,HEXACO_19,"When people tell me that I'm wrong, my first reaction is to argue with them.",10,True,True,False,0.4152523416690962,-0.31019619324159936,-0.03086898472526712,False,0.13596584333033648,2,True
validation_prolific,HEXACO_60_agreeableness,HEXACO_13,I am usually quite flexible in my opinions when people disagree with me.,10,False,False,False,0.25051200593990414,0.23928742291470062,0.02616290779342697,False,0.555205967727232,2,True
validation_prolific,HEXACO_60_agreeableness,HEXACO_01,"I rarely hold a grudge, even against people who have badly wronged me.",10,False,False,False,0.6619971972973726,0.3221633059413134,0.17606957014809774,False,0.6434342864906566,2,True
validation_prolific,HEXACO_60_agreeableness,HEXACO_09,My attitude toward people who have treated me badly is “forgive and forget”.,10,False,False,False,0.3378963639380027,0.33880742272884073,0.07586941398040033,False,0.5710228597097273,2,True
validation_prolific,HEXACO_60_agreeableness,HEXACO_03,People sometimes tell me that I am too critical of others.,10,True,True,False,0.41225676470821065,-0.30730361017929764,-0.06391030284239257,False,0.06641109442169188,2,True
validation_prolific,HEXACO_60_agreeableness,HEXACO_11,I tend to be lenient in judging other people.,10,False,False,False,0.2985424750485405,0.27649055716334586,0.037064644040888106,False,0.581936297434041,2,True
validation_prolific,HEXACO_60_agreeableness,HEXACO_17,"Even when people make a lot of mistakes, I rarely say anything negative.",10,False,False,False,0.6073443834114018,0.2904618808055053,0.15349110745994005,False,0.6125334258741881,2,True
validation_prolific,HEXACO_60_agreeableness,HEXACO_07,People think of me as someone who has a quick temper.,10,True,True,False,0.48590773859142616,-0.31824731358540403,-0.01379108766824645,False,0.20817507898799845,2,True
validation_prolific,HEXACO_60_agreeableness,HEXACO_15,Most people tend to get angry more quickly than I do.,10,False,True,True,-0.503380824767999,0.32956227773605046,-0.13613663024697004,False,0.26133844893203106,2,True
validation_prolific,HEXACO_60_agreeablenessflexibility,HEXACO_05,People sometimes tell me that I'm too stubborn.,3,True,True,False,0.6607409980183077,-0.31742154223570035,-0.07530068412622992,False,0.09270122266672301,1,True
validation_prolific,HEXACO_60_agreeablenessflexibility,HEXACO_19,"When people tell me that I'm wrong, my first reaction is to argue with them.",3,True,True,False,0.636795946011578,-0.3229470056906618,-0.054451963005207285,False,0.13439866490876812,1,True
validation_prolific,HEXACO_60_agreeablenessflexibility,HEXACO_13,I am usually quite flexible in my opinions when people disagree with me.,3,False,False,False,0.4438433724683175,0.2483830194877248,-0.11354994378774556,False,1.0,1,True
validation_prolific,HEXACO_60_agreeablenessforgiveness,HEXACO_01,"I rarely hold a grudge, even against people who have badly wronged me.",2,False,False,False,0.7888462929428689,0.6620976355575477,0.24455694777941261,False,,1,True
validation_prolific,HEXACO_60_agreeablenessforgiveness,HEXACO_09,My attitude toward people who have treated me badly is “forgive and forget”.,2,False,False,False,0.7888462929428691,0.6620976355575477,0.24455694777941261,False,,1,True
validation_prolific,HEXACO_60_agreeablenessgentleness,HEXACO_03,People sometimes tell me that I am too critical of others.,3,True,True,False,0.4903068842837394,-0.3134310040950903,0.07159820003392117,False,0.0936085289364183,1,True
validation_prolific,HEXACO_60_agreeablenessgentleness,HEXACO_11,I tend to be lenient in judging other people.,3,False,False,False,0.5332171746830437,0.3388296422427822,-0.034105669879090306,False,0.7648683388941268,1,True
validation_prolific,HEXACO_60_agreeablenessgentleness,HEXACO_17,"Even when people make a lot of mistakes, I rarely say anything negative.",3,False,False,False,0.7239602766525549,0.37854077793760976,0.132554621530491,False,0.7648683388941271,1,True
validation_prolific,HEXACO_60_agreeablenesspatience,HEXACO_07,People think of me as someone who has a quick temper.,2,True,True,False,0.4939967358151658,-0.5575906667985361,0.5119344500079239,False,0.511934450007923,1,True
validation_prolific,HEXACO_60_agreeablenesspatience,HEXACO_15,Most people tend to get angry more quickly than I do.,2,False,False,False,0.4939967358151658,0.5575906667985361,-0.5119344500079239,False,1.0,1,True
validation_prolific,HEXACO_60_conscientiousness,HEXACO_26,I do only the minimum amount of work needed to get by.,10,True,True,False,0.6044796690121734,-0.2941218398531115,-0.19560276375677035,True,-0.29333833871814324,1,True
validation_prolific,HEXACO_60_conscientiousness,HEXACO_22,I often push myself very hard when trying to achieve a goal.,10,False,False,False,0.536260626185566,0.27632840584711715,0.16098832089334086,False,0.6771098449387575,1,True
validation_prolific,HEXACO_60_conscientiousness,HEXACO_25,"When working, I sometimes have difficulties due to being disorganized.",10,True,True,False,0.4188614819595818,-0.35260780559527816,-0.10141982210401307,False,0.00825840892060224,1,True
validation_prolific,HEXACO_60_conscientiousness,HEXACO_21,"I plan ahead and organize things, to avoid scrambling at the last minute.",10,False,False,False,0.4039945028123633,0.33999182273298023,0.09387629497550759,False,0.6314062046108952,1,True
validation_prolific,HEXACO_60_conscientiousness,HEXACO_23,"When working on something, I don't pay much attention to small details.",10,True,True,False,0.45168208058958825,-0.334091361732756,-0.11807304221601991,True,-0.11035160288527575,1,True
validation_prolific,HEXACO_60_conscientiousness,HEXACO_27,"I always try to be accurate in my work, even at the expense of time.",10,False,False,False,0.5022903902243737,0.24751769501214366,0.14375177310528992,False,0.7080721455751485,1,True
validation_prolific,HEXACO_60_conscientiousness,HEXACO_29,People often call me a perfectionist.,10,False,False,False,0.4621190926110472,0.14952973288617702,0.12336879749655008,False,0.675039750025541,1,True
validation_prolific,HEXACO_60_conscientiousness,HEXACO_28,I make a lot of mistakes because I don’t think before I act.,10,True,True,False,0.45653337172146724,-0.333818432535707,-0.12053459448559815,True,-0.10932038576348692,1,True
validation_prolific,HEXACO_60_conscientiousness,HEXACO_30,"I prefer to do whatever comes to mind, rather than stick to a plan.",10,True,True,False,0.4430005949834825,-0.3254753649809338,-0.11366804362572852,True,-0.0781828093364656,1,True
validation_prolific,HEXACO_60_conscientiousness,HEXACO_24,I make decisions based on the feeling of the moment rather than on careful thought.,10,True,True,False,0.28739145304278146,-0.3215523454745465,-0.03471173568654884,False,0.04311060917086957,1,True
validation_prolific,HEXACO_60_conscientiousnessdiligence,HEXACO_26,I do only the minimum amount of work needed to get by.,2,True,True,False,0.8235174423095255,-0.37402493373793566,-0.3563619555760452,True,-0.35636195557604533,1,True
validation_prolific,HEXACO_60_conscientiousnessdiligence,HEXACO_22,I often push myself very hard when trying to achieve a goal.,2,False,False,False,0.8235174423095255,0.37402493373793566,0.3563619555760452,False,0.9999999999999999,1,True
validation_prolific,HEXACO_60_conscientiousnessorganization,HEXACO_25,"When working, I sometimes have difficulties due to being disorganized.",2,True,True,False,0.6842402716089434,-0.5432073054344173,0.06363050141703813,False,0.06363050141703816,1,True
validation_prolific,HEXACO_60_conscientiousnessorganization,HEXACO_21,"I plan ahead and organize things, to avoid scrambling at the last minute.",2,False,False,False,0.6842402716089435,0.5432073054344173,-0.06363050141703813,False,1.0,1,True
validation_prolific,HEXACO_60_conscientiousnessperfectionism,HEXACO_23,"When working on something, I don't pay much attention to small details.",3,True,True,False,0.5822083814502148,-0.2982679207102456,-0.08239235493762259,True,-0.1007907715203937,1,True
validation_prolific,HEXACO_60_conscientiousnessperfectionism,HEXACO_27,"I always try to be accurate in my work, even at the expense of time.",3,False,False,False,0.7116568639295439,0.2601555121868996,0.21188174216775915,False,0.8174593139308549,1,True
validation_prolific,HEXACO_60_conscientiousnessperfectionism,HEXACO_29,People often call me a perfectionist.,3,False,False,False,0.706766739638902,0.1898615685950995,0.20699007263447186,False,0.817459313930855,1,True
validation_prolific,HEXACO_60_conscientiousnessprudence,HEXACO_28,I make a lot of mistakes because I don’t think before I act.,3,True,True,False,0.5720750041379578,-0.44389391668137085,-0.042936912642549036,False,,1,True
validation_prolific,HEXACO_60_conscientiousnessprudence,HEXACO_30,"I prefer to do whatever comes to mind, rather than stick to a plan.",3,True,True,False,0.6422083130777295,-0.41956148367663704,-0.1094980487763401,False,,1,True
validation_prolific,HEXACO_60_conscientiousnessprudence,HEXACO_24,I make decisions based on the feeling of the moment rather than on careful thought.,3,True,True,False,0.6838486015549431,-0.5257497704841301,-0.14901742910904822,False,,1,True
validation_prolific,HEXACO_60_honesty_humility,HEXACO_04,"If I knew that I could never get caught, I would be willing to steal a million dollars.",10,True,True,False,0.32788861754800985,-0.2798532844441707,-0.024851612969660274,False,0.23197971922994895,1,True
validation_prolific,HEXACO_60_honesty_humility,HEXACO_20,"I'd be tempted to use counterfeit money, if I were sure I could get away with it.",10,True,True,False,0.26993794143852545,-0.29898606295505153,-0.0008217096290408911,False,0.2877586331010948,1,True
validation_prolific,HEXACO_60_honesty_humility,HEXACO_12,"I would never accept a bribe, even if it were very large.",10,False,False,False,0.46578668226536263,0.27315207025494115,0.08203260529761917,False,0.6937883138040148,1,True
validation_prolific,HEXACO_60_honesty_humility,HEXACO_14,I would get a lot of pleasure from owning expensive luxury goods.,10,True,True,False,0.539338788665832,-0.23096343966488764,-0.11253181817932975,False,0.04199338783015853,1,True
validation_prolific,HEXACO_60_honesty_humility,HEXACO_06,Having a lot of money is not especially important to me.,10,False,False,False,0.23248545229543494,0.20012666828774725,-0.014708388626823379,False,0.516887104847149,1,True
validation_prolific,HEXACO_60_honesty_humility,HEXACO_08,I think that I am entitled to more respect than the average person is.,10,True,True,False,0.39255967768690203,-0.21051512423918656,-0.051668199563696886,False,0.09681703315637281,1,True
validation_prolific,HEXACO_60_honesty_humility,HEXACO_16,I want people to know that I am an important person of high status.,10,True,True,False,0.5613296010086118,-0.24510361646130502,-0.12165055725979085,True,-0.04701350510841751,1,True
validation_prolific,HEXACO_60_honesty_humility,HEXACO_10,"If I want something from someone, I will laugh at that person's worst jokes.",10,True,True,False,0.2939846255086291,-0.2773400041245356,-0.010792939175617883,False,0.10493402281100737,1,True
validation_prolific,HEXACO_60_honesty_humility,HEXACO_02,"I wouldn't use flattery to get a raise or promotion at work, even if I thought it would succeed.",10,False,False,False,0.4569135919675453,0.2587156406313639,0.07835327804030963,False,0.7636031914315206,1,True
validation_prolific,HEXACO_60_honesty_humility,HEXACO_18,I wouldn't pretend to like someone just to get that person to do favors for me.,10,False,False,False,0.19172682243596156,0.22660350455161804,-0.03160941552716228,False,0.6544063814819474,1,True
validation_prolific,HEXACO_60_honesty_humilityfairness__hexaco_,HEXACO_04,"If I knew that I could never get caught, I would be willing to steal a million dollars.",3,True,True,False,0.6666899977253583,-0.6253403415447538,-0.0833217574776902,False,0.1738772827787187,1,True
validation_prolific,HEXACO_60_honesty_humilityfairness__hexaco_,HEXACO_20,"I'd be tempted to use counterfeit money, if I were sure I could get away with it.",3,True,True,False,0.6885859573421764,-0.6276150703236207,-0.10247967148408042,False,0.13556145476593795,1,True
validation_prolific,HEXACO_60_honesty_humilityfairness__hexaco_,HEXACO_12,"I would never accept a bribe, even if it were very large.",3,False,False,False,0.3946280766950318,0.564393026618801,-0.1547193687723283,False,1.0000000000000002,1,True
validation_prolific,HEXACO_60_honesty_humilitygreed_avoidance,HEXACO_14,I would get a lot of pleasure from owning expensive luxury goods.,2,True,True,False,0.6438705992843424,-0.34489149776561656,0.17086130275444358,False,0.17086130275444356,1,True
validation_prolific,HEXACO_60_honesty_humilitygreed_avoidance,HEXACO_06,Having a lot of money is not especially important to me.,2,False,False,False,0.6438705992843423,0.34489149776561656,-0.17086130275444358,False,0.9999999999999999,1,True
validation_prolific,HEXACO_60_honesty_humilitymodesty,HEXACO_08,I think that I am entitled to more respect than the average person is.,2,True,True,False,0.790374550286101,-0.6448342606721607,-0.24938385947991262,False,,1,True
validation_prolific,HEXACO_60_honesty_humilitymodesty,HEXACO_16,I want people to know that I am an important person of high status.,2,True,True,False,0.7903745502861009,-0.6448342606721607,-0.24938385947991262,False,,1,True
validation_prolific,HEXACO_60_honesty_humilitysincerity,HEXACO_10,"If I want something from someone, I will laugh at that person's worst jokes.",3,True,True,False,0.40608235264650183,-0.43381301977196485,0.14493208635939087,False,0.17847178807532152,1,True
validation_prolific,HEXACO_60_honesty_humilitysincerity,HEXACO_02,"I wouldn't use flattery to get a raise or promotion at work, even if I thought it would succeed.",3,False,False,False,0.7075623577870396,0.44721195579621337,0.11867423815083787,False,0.8120728095032268,1,True
validation_prolific,HEXACO_60_honesty_humilitysincerity,HEXACO_18,I wouldn't pretend to like someone just to get that person to do favors for me.,3,False,False,False,0.6351035980146168,0.4375403254576417,0.055318171358699944,False,0.8120728095032268,1,True
validation_prolific,Moral_Foundations_Questionnaire_authority,MFQ_04,Respect for authority is something all children need to learn.,2,False,False,False,0.7438888030455049,0.5854009956629973,0.10674110259294761,False,,1,True
validation_prolific,Moral_Foundations_Questionnaire_authority,MFQ_10,Men and women each have different roles to play in society.,2,False,False,False,0.743888803045505,0.5854009956629973,0.10674110259294761,False,,1,True
validation_prolific,Moral_Foundations_Questionnaire_fairness,MFQ_02,"When the government makes laws, the number one principle should be ensuring that everyone is treated fairly.",2,False,False,False,0.8991451223700536,0.2507737577913682,0.6169239021637182,False,,1,True
validation_prolific,Moral_Foundations_Questionnaire_fairness,MFQ_08,Justice is the most important requirement for a society.,2,False,False,False,0.8991451223700535,0.2507737577913682,0.6169239021637182,False,,1,True
validation_prolific,Moral_Foundations_Questionnaire_harm,MFQ_01,Compassion for those who are suffering is the most crucial virtue.,2,False,False,False,0.7141601959953866,0.3424369079194989,0.02004957108833766,False,,1,True
validation_prolific,Moral_Foundations_Questionnaire_harm,MFQ_07,One of the worst things a person could do is hurt a defenseless animal.,2,False,False,False,0.7141601959953864,0.3424369079194989,0.02004957108833766,False,,1,True
validation_prolific,Moral_Foundations_Questionnaire_ingroup,MFQ_03,I am proud of my country’s history.,2,False,False,False,0.7717407878090323,0.4273091696602706,0.19116768713621163,False,,1,True
validation_prolific,Moral_Foundations_Questionnaire_ingroup,MFQ_09,"People should be loyal to their family members, even when they have done something wrong.",2,False,False,False,0.7717407878090322,0.4273091696602706,0.19116768713621163,False,,1,True
validation_prolific,Moral_Foundations_Questionnaire_purity,MFQ_05,"People should not do things that are disgusting, even if no one is harmed.",2,False,False,False,0.7674136583678852,0.5359439725723888,0.1778474460991627,False,,1,True
validation_prolific,Moral_Foundations_Questionnaire_purity,MFQ_11,I would call some acts wrong on the grounds that they are unnatural.,2,False,False,False,0.7674136583678853,0.5359439725723888,0.1778474460991627,False,,1,True
validation_prolific,New_Ecological_Paradigm_Scale_antiexemptionalism,NEPS_04,Human ingenuity will insure that we do NOT make the earth unlivable,2,True,True,False,0.6550461972526321,-0.13199264892417598,0.1418289589297318,False,0.14182895892973152,1,True
validation_prolific,New_Ecological_Paradigm_Scale_antiexemptionalism,NEPS_09,Despite our special abilities humans are still subject to the laws of nature,2,False,False,False,0.655046197252632,0.13199264892417598,-0.1418289589297318,False,1.0,1,True
validation_prolific,New_Ecological_Paradigm_Scale_balance_of_nature,NEPS_08,The balance of nature is strong enough to cope with the impacts of modern industrial nations,2,True,True,False,0.6971683296107879,-0.39159938901219593,0.02791264037540783,False,0.027912640375407825,1,True
validation_prolific,New_Ecological_Paradigm_Scale_balance_of_nature,NEPS_13,The balance of nature is very delicate and easily upset,2,False,False,False,0.6971683296107876,0.39159938901219593,-0.02791264037540783,False,0.9999999999999998,1,True
validation_prolific,New_Ecological_Paradigm_Scale_eco_crisis,NEPS_10,"The so-called ""ecological crisis"" facing humankind has been greatly exaggerated",2,True,True,False,0.5807535976837958,-0.6197100244385935,0.3254505175546559,False,0.325450517554656,1,True
validation_prolific,New_Ecological_Paradigm_Scale_eco_crisis,NEPS_05,Humans are severely abusing the environment,2,False,False,False,0.5807535976837955,0.6197100244385935,-0.3254505175546559,False,0.9999999999999999,1,True
validation_prolific,New_Ecological_Paradigm_Scale_human_domination,NEPS_12,Humans were meant to rule over the rest of nature,2,True,True,False,0.6051275837113566,-0.4305319188120184,0.26764121486330994,False,0.26764121486331016,1,True
validation_prolific,New_Ecological_Paradigm_Scale_human_domination,NEPS_07,Plants and animals have as much right as humans to exist,2,False,False,False,0.6051275837113566,0.4305319188120184,-0.26764121486330994,False,1.0,1,True
validation_prolific,New_Ecological_Paradigm_Scale_limits_to_growth,NEPS_06,The earth has plenty of natural resources if we just learn how to develop them,2,True,True,False,0.6315838742711197,-0.3088163527601119,0.20220361952136556,False,0.20220361952136556,1,True
validation_prolific,New_Ecological_Paradigm_Scale_limits_to_growth,NEPS_01,We are approaching the limit of the number of people the earth can support,2,False,False,False,0.6315838742711194,0.3088163527601119,-0.20220361952136556,False,1.0,1,True
validation_prolific,Obsessive_Compulsive_Inventory__Revised__obsessiveness_compulsiveness,OCIR_02,I check things more often than necessary.,18,False,False,False,0.5710310178068841,0.449139474499932,0.20447148585208896,False,,1,True
validation_prolific,Obsessive_Compulsive_Inventory__Revised__obsessiveness_compulsiveness,OCIR_08,"I repeatedly check doors, windows, drawers, etc.",18,False,False,False,0.33760194129890325,0.449337520557678,0.09684035839032056,False,,1,True
validation_prolific,Obsessive_Compulsive_Inventory__Revised__obsessiveness_compulsiveness,OCIR_14,I repeatedly check gas and water taps and light switches after turning them off.,18,False,False,False,0.3349967703510656,0.42437916889418165,0.09563914776762932,False,,1,True
validation_prolific,Obsessive_Compulsive_Inventory__Revised__obsessiveness_compulsiveness,OCIR_01,I have saved up so many things that they get in the way.,18,False,False,False,0.482107360571949,0.3739512282265345,0.1634699378470242,False,,1,True
validation_prolific,Obsessive_Compulsive_Inventory__Revised__obsessiveness_compulsiveness,OCIR_07,I collect things I don’t need.,18,False,False,False,0.3817323074190132,0.33220726222330255,0.11718829932323029,False,,1,True
validation_prolific,Obsessive_Compulsive_Inventory__Revised__obsessiveness_compulsiveness,OCIR_13,I avoid throwing things away because I am afraid I might need them later.,18,False,False,False,0.4174419200879665,0.36181531527212146,0.13365353977347513,False,,1,True
validation_prolific,Obsessive_Compulsive_Inventory__Revised__obsessiveness_compulsiveness,OCIR_04,I feel compelled to count while I am doing things.,18,False,False,False,0.4482565247492194,0.3892707599937053,0.14786175535481855,False,,1,True
validation_prolific,Obsessive_Compulsive_Inventory__Revised__obsessiveness_compulsiveness,OCIR_10,I feel I have to repeat certain numbers.,18,False,False,False,0.40049207148104726,0.4429439099562047,0.12583818384969564,False,,1,True
validation_prolific,Obsessive_Compulsive_Inventory__Revised__obsessiveness_compulsiveness,OCIR_16,I feel that there are good and bad numbers.,18,False,False,False,0.20979255671900499,0.33016479557507433,0.037909104545177194,False,,1,True
validation_prolific,Obsessive_Compulsive_Inventory__Revised__obsessiveness_compulsiveness,OCIR_06,I find it difficult to control my own thoughts.,18,False,False,False,0.41108735555454984,0.3881378145812823,0.13072353227187397,False,,1,True
validation_prolific,Obsessive_Compulsive_Inventory__Revised__obsessiveness_compulsiveness,OCIR_12,I am upset by unpleasant thoughts that come into my mind against my will.,18,False,False,False,0.5323642737804614,0.39568181182905654,0.18664275038734837,False,,1,True
validation_prolific,Obsessive_Compulsive_Inventory__Revised__obsessiveness_compulsiveness,OCIR_18,I frequently get nasty thoughts and have difficulty in getting rid of them.,18,False,False,False,0.5348826813706443,0.40862987325017797,0.1878039555482247,False,,1,True
validation_prolific,Obsessive_Compulsive_Inventory__Revised__obsessiveness_compulsiveness,OCIR_03,I get upset if objects are not arranged properly.,18,False,False,False,0.520058811228108,0.4277248715821621,0.1809688607920088,False,,1,True
validation_prolific,Obsessive_Compulsive_Inventory__Revised__obsessiveness_compulsiveness,OCIR_09,I get upset if others change the way I have arranged things.,18,False,False,False,0.45926215332123466,0.3815389877783828,0.15293630831690838,False,,1,True
validation_prolific,Obsessive_Compulsive_Inventory__Revised__obsessiveness_compulsiveness,OCIR_15,I need things to be arranged in a particular order.,18,False,False,False,0.4148039082950067,0.4316348942489791,0.13243718666193802,False,,1,True
validation_prolific,Obsessive_Compulsive_Inventory__Revised__obsessiveness_compulsiveness,OCIR_05,I find it difficult to touch an object when I know it has been touched by strangers or certain people.,18,False,False,False,0.4356569068545584,0.4064465951440067,0.14205223453643198,False,,1,True
validation_prolific,Obsessive_Compulsive_Inventory__Revised__obsessiveness_compulsiveness,OCIR_11,I sometimes have to wash or clean myself simply because I feel contaminated.,18,False,False,False,0.5313042846647882,0.42362083081834734,0.18615400311848268,False,,1,True
validation_prolific,Obsessive_Compulsive_Inventory__Revised__obsessiveness_compulsiveness,OCIR_17,I wash my hands more often and longer than necessary.,18,False,False,False,0.41560723679945216,0.45224207749531137,0.13280759104321352,False,,1,True
validation_prolific,Obsessive_Compulsive_Inventory__Revised__obsessiveness_compulsivenesschecking,OCIR_02,I check things more often than necessary.,3,False,False,False,0.7638827620251395,0.6654382012318999,0.38330420341012517,False,,1,True
validation_prolific,Obsessive_Compulsive_Inventory__Revised__obsessiveness_compulsivenesschecking,OCIR_08,"I repeatedly check doors, windows, drawers, etc.",3,False,False,False,0.7609975694743271,0.7139918910291465,0.3799679549247899,False,,1,True
validation_prolific,Obsessive_Compulsive_Inventory__Revised__obsessiveness_compulsivenesschecking,OCIR_14,I repeatedly check gas and water taps and light switches after turning them off.,3,False,False,False,0.7877892228399616,0.7170613062872538,0.4109480754493495,False,,1,True
validation_prolific,Obsessive_Compulsive_Inventory__Revised__obsessiveness_compulsivenesshoarding,OCIR_01,I have saved up so many things that they get in the way.,3,False,False,False,0.7990717511669815,0.6119531049351616,0.4989919532058315,False,,1,True
validation_prolific,Obsessive_Compulsive_Inventory__Revised__obsessiveness_compulsivenesshoarding,OCIR_07,I collect things I don’t need.,3,False,False,False,0.8604523692902931,0.6134556811749484,0.5757294220231652,False,,1,True
validation_prolific,Obsessive_Compulsive_Inventory__Revised__obsessiveness_compulsivenesshoarding,OCIR_13,I avoid throwing things away because I am afraid I might need them later.,3,False,False,False,0.8408569823582913,0.5916951647683857,0.5512314544295974,False,,1,True
validation_prolific,Obsessive_Compulsive_Inventory__Revised__obsessiveness_compulsivenessneutralizing,OCIR_04,I feel compelled to count while I am doing things.,3,False,False,False,0.7657246772232625,0.46941827115365853,0.3678820937885342,False,,1,True
validation_prolific,Obsessive_Compulsive_Inventory__Revised__obsessiveness_compulsivenessneutralizing,OCIR_10,I feel I have to repeat certain numbers.,3,False,False,False,0.7898399398078042,0.5511110168686892,0.3952146392930461,False,,1,True
validation_prolific,Obsessive_Compulsive_Inventory__Revised__obsessiveness_compulsivenessneutralizing,OCIR_16,I feel that there are good and bad numbers.,3,False,False,False,0.71126083499883,0.4117983737664132,0.30615208190369214,False,,1,True
validation_prolific,Obsessive_Compulsive_Inventory__Revised__obsessiveness_compulsivenessobsessing,OCIR_06,I find it difficult to control my own thoughts.,3,False,False,False,0.8008489549408819,0.7035383521157208,0.5278363099884444,False,,1,True
validation_prolific,Obsessive_Compulsive_Inventory__Revised__obsessiveness_compulsivenessobsessing,OCIR_12,I am upset by unpleasant thoughts that come into my mind against my will.,3,False,False,False,0.8671162335019437,0.6888226091716333,0.6128859496851159,False,,1,True
validation_prolific,Obsessive_Compulsive_Inventory__Revised__obsessiveness_compulsivenessobsessing,OCIR_18,I frequently get nasty thoughts and have difficulty in getting rid of them.,3,False,False,False,0.8989016436786408,0.6820084147953358,0.6536804072490858,False,,1,True
validation_prolific,Obsessive_Compulsive_Inventory__Revised__obsessiveness_compulsivenessordering,OCIR_03,I get upset if objects are not arranged properly.,3,False,False,False,0.8295826704110375,0.7390929138367278,0.4914363164888932,False,,1,True
validation_prolific,Obsessive_Compulsive_Inventory__Revised__obsessiveness_compulsivenessordering,OCIR_09,I get upset if others change the way I have arranged things.,3,False,False,False,0.8250990891724096,0.6969063511074925,0.4860779773788182,False,,1,True
validation_prolific,Obsessive_Compulsive_Inventory__Revised__obsessiveness_compulsivenessordering,OCIR_15,I need things to be arranged in a particular order.,3,False,False,False,0.7355232238395103,0.7240038185094151,0.3790256375222584,False,,1,True
validation_prolific,Obsessive_Compulsive_Inventory__Revised__obsessiveness_compulsivenesswashing,OCIR_05,I find it difficult to touch an object when I know it has been touched by strangers or certain people.,3,False,False,False,0.6359847743957521,0.6149146927817698,0.2127277107596946,False,,1,True
validation_prolific,Obsessive_Compulsive_Inventory__Revised__obsessiveness_compulsivenesswashing,OCIR_11,I sometimes have to wash or clean myself simply because I feel contaminated.,3,False,False,False,0.8443463818830212,0.635716967557979,0.446231872326622,False,,1,True
validation_prolific,Obsessive_Compulsive_Inventory__Revised__obsessiveness_compulsivenesswashing,OCIR_17,I wash my hands more often and longer than necessary.,3,False,False,False,0.7610046097758651,0.6497419980143668,0.35283342501154963,False,,1,True
validation_prolific,Oldenburg_Burnout_Inventory__English_Translation__burnout,OLBI_10,"After working, I have enough energy for my leisure activities.",8,False,False,False,0.2600418041510439,0.5151896045485957,0.01621704208066543,False,0.5451669151555714,1,True
validation_prolific,Oldenburg_Burnout_Inventory__English_Translation__burnout,OLBI_16,"When I work, I usually feel energized.",8,False,False,False,0.5963645075866005,0.5404244197086753,0.22195419307357295,False,0.7590809372632669,1,True
validation_prolific,Oldenburg_Burnout_Inventory__English_Translation__burnout,OLBI_12,"After my work, I usually feel worn out and weary.",8,True,True,False,0.5699725200162864,-0.5723690767202058,-0.2058095430803051,False,0.03163326587242871,1,True
validation_prolific,Oldenburg_Burnout_Inventory__English_Translation__burnout,OLBI_08,"During my work, I often feel emotionally drained.",8,True,True,False,0.6125560027383714,-0.5744314597189325,-0.23185894243724212,True,-0.015256749186165488,1,True
validation_prolific,Oldenburg_Burnout_Inventory__English_Translation__burnout,OLBI_07,I ﬁnd my work to be a positive challenge.,8,False,False,False,0.5080655942416719,0.5324329814424322,0.16793950217764264,False,0.6925080376658784,1,True
validation_prolific,Oldenburg_Burnout_Inventory__English_Translation__burnout,OLBI_15,I feel more and more engaged in my work.,8,False,False,False,0.5682247369888251,0.5383073833717009,0.20474037975308854,False,0.773208714370678,1,True
validation_prolific,Oldenburg_Burnout_Inventory__English_Translation__burnout,OLBI_09,"Over time, one can become disconnected from this type of work.",8,True,True,False,0.5889250794025762,-0.49920637184458994,-0.21740330565514207,True,-0.17703218216404085,1,True
validation_prolific,Oldenburg_Burnout_Inventory__English_Translation__burnout,OLBI_11,Sometimes I feel sickened by my work tasks.,8,True,True,False,0.5779277776754367,-0.4077615861527831,-0.2106759765071573,True,-0.057128312226754824,1,True
validation_prolific,Oldenburg_Burnout_Inventory__English_Translation__burnoutdisengagement,OLBI_07,I ﬁnd my work to be a positive challenge.,4,False,False,False,0.6498850342198668,0.5305803049275377,0.21216831203252393,False,0.8588317364454793,1,True
validation_prolific,Oldenburg_Burnout_Inventory__English_Translation__burnoutdisengagement,OLBI_15,I feel more and more engaged in my work.,4,False,False,False,0.6696989560203851,0.4956860891789714,0.22879975663304156,False,0.8588317364454792,1,True
validation_prolific,Oldenburg_Burnout_Inventory__English_Translation__burnoutdisengagement,OLBI_09,"Over time, one can become disconnected from this type of work.",4,True,True,False,0.6425038425883663,-0.4781602324381091,-0.20597267439243327,True,-0.17180925555571874,1,True
validation_prolific,Oldenburg_Burnout_Inventory__English_Translation__burnoutdisengagement,OLBI_11,Sometimes I feel sickened by my work tasks.,4,True,True,False,0.5560574543021444,-0.3660024735638125,-0.13341115264162468,True,-0.04507630193119653,1,True
validation_prolific,Oldenburg_Burnout_Inventory__English_Translation__burnoutexhaustion,OLBI_10,"After working, I have enough energy for my leisure activities.",4,False,False,False,0.39310193953510014,0.5820138510689059,-0.02696536379576805,False,0.7910601540721144,1,True
validation_prolific,Oldenburg_Burnout_Inventory__English_Translation__burnoutexhaustion,OLBI_16,"When I work, I usually feel energized.",4,False,False,False,0.5826998872705941,0.571779131129534,0.12079971298026805,False,0.7910601540721143,1,True
validation_prolific,Oldenburg_Burnout_Inventory__English_Translation__burnoutexhaustion,OLBI_12,"After my work, I usually feel worn out and weary.",4,True,True,False,0.6352576562045696,-0.6260092707061281,-0.16176114138423245,False,0.13783759267073048,1,True
validation_prolific,Oldenburg_Burnout_Inventory__English_Translation__burnoutexhaustion,OLBI_08,"During my work, I often feel emotionally drained.",4,True,True,False,0.7270208370707536,-0.6149414022686365,-0.23327770381465265,False,0.0022286341188239296,1,True
validation_prolific,Perceived_Stress_Scale_perceived_stress,PSS_04,"In the last month, how often have you dealt successfully with irritating life hassles?",14,True,True,False,0.06920457334759966,-0.3501435036303707,0.003191171335923918,False,0.4945805196694602,2,True
validation_prolific,Perceived_Stress_Scale_perceived_stress,PSS_05,"In the last month, how often have you felt that you were effectively coping with important changes that were occurring in your life?",14,True,True,False,0.1711052694242466,-0.4712780465131541,-0.04043861290907142,False,0.44266130977543755,2,True
validation_prolific,Perceived_Stress_Scale_perceived_stress,PSS_06,"In the last month, how often have you felt confident about your ability to handle your personal problems?",14,True,True,False,0.27618824770228134,-0.5419434175324574,-0.06695457056994111,False,0.3751899303742092,2,True
validation_prolific,Perceived_Stress_Scale_perceived_stress,PSS_07,"In the last month, how often have you felt that things were going your way?",14,True,False,True,-0.5201167304974261,-0.49945325101044635,0.12697180470266767,False,0.6760945438662465,2,True
validation_prolific,Perceived_Stress_Scale_perceived_stress,PSS_09,"In the last month, how often have you been able to control irritations in your life?",14,True,True,False,0.28177966151638006,-0.4851945479601166,-0.07957997833576158,False,0.34862666957120336,2,True
validation_prolific,Perceived_Stress_Scale_perceived_stress,PSS_10,"In the last month, how often have you felt that you were on top of things?",14,True,True,False,0.02961603210974578,-0.5522997736796025,-0.0001936589912263386,False,0.4937849348278466,2,True
validation_prolific,Perceived_Stress_Scale_perceived_stress,PSS_13,"In the last month, how often have you been able to control the way you spend your time?",14,True,True,False,0.11231398851090185,-0.3978612127601956,-0.029264862442070366,False,0.4657385788272902,2,True
validation_prolific,Perceived_Stress_Scale_perceived_stress,PSS_01,"In the last month, how often have you been upset because of something that happened unexpectedly?",14,False,False,False,0.5364710290248446,0.461998341341428,0.06556151512129049,False,0.7608846314046744,2,True
validation_prolific,Perceived_Stress_Scale_perceived_stress,PSS_02,"In the last month, how often have you felt that you were unable to control the important things in your life?",14,False,False,False,0.5802704593139928,0.5108674204501524,0.05797411476322874,False,0.822594836565127,2,True
validation_prolific,Perceived_Stress_Scale_perceived_stress,PSS_03,"In the last month, how often have you felt nervous and ""stressed""?",14,False,False,False,0.5392372435671143,0.5329773389580063,0.04993719259243402,False,0.7847465475942323,2,True
validation_prolific,Perceived_Stress_Scale_perceived_stress,PSS_08,"In the last month, how often have you found that you could not cope with all the things that you had to do?",14,False,False,False,0.514796889725816,0.519866261079667,0.037777893630699715,False,0.797880746229362,2,True
validation_prolific,Perceived_Stress_Scale_perceived_stress,PSS_11,"In the last month, how often have you been angered because of things that happened that were outside of your control?",14,False,False,False,0.5224909841913591,0.43196017819592825,0.05276204237126156,False,0.724220945607294,2,True
validation_prolific,Perceived_Stress_Scale_perceived_stress,PSS_12,"In the last month, how often have you found yourself thinking about things that you have to accomplish?",14,False,False,False,0.4640575436459517,0.0917703744721585,0.030279330914065393,False,0.7038551953769049,2,True
validation_prolific,Perceived_Stress_Scale_perceived_stress,PSS_14,"In the last month, how often have you felt difficulties were piling up so high that you could not overcome them?",14,False,False,False,0.47857937800248235,0.569097090560831,0.032439687638466594,False,0.7910701197771695,2,True
validation_prolific,Perseverative_Thinking_Questionnaire_perseverative_thinking,PTQ_01,The same thoughts keep going through my mind again and again.,15,False,False,False,0.7608720363645918,0.70306633700125,0.38854919134999016,False,,1,True
validation_prolific,Perseverative_Thinking_Questionnaire_perseverative_thinking,PTQ_02,Thoughts intrude into my mind.,15,False,False,False,0.7403318243638765,0.6623918626388461,0.37613180667617746,False,,1,True
validation_prolific,Perseverative_Thinking_Questionnaire_perseverative_thinking,PTQ_03,I can’t stop dwelling on negative experiences or problems.,15,False,False,False,0.6383186770180578,0.7074902694583407,0.31446075418970565,False,,1,True
validation_prolific,Perseverative_Thinking_Questionnaire_perseverative_thinking,PTQ_06,My thoughts repeat themselves.,15,False,False,False,0.5497902378892272,0.6748082455062921,0.26094175043275186,False,,1,True
validation_prolific,Perseverative_Thinking_Questionnaire_perseverative_thinking,PTQ_07,Thoughts come to my mind without me wanting them to.,15,False,False,False,0.6111227290185658,0.617187480946631,0.29801970928389154,False,,1,True
validation_prolific,Perseverative_Thinking_Questionnaire_perseverative_thinking,PTQ_08,I get stuck on certain issues and can’t move on.,15,False,False,False,0.440485535425521,0.6915439674016596,0.19486265947199552,False,,1,True
validation_prolific,Perseverative_Thinking_Questionnaire_perseverative_thinking,PTQ_11,I keep thinking about the same issue all the time.,15,False,False,False,0.6271182721594912,0.7049421701387697,0.30768965875863524,False,,1,True
validation_prolific,Perseverative_Thinking_Questionnaire_perseverative_thinking,PTQ_12,Thoughts just pop into my mind.,15,False,False,False,0.5870589254945132,0.5275304485926567,0.2834721717481151,False,,1,True
validation_prolific,Perseverative_Thinking_Questionnaire_perseverative_thinking,PTQ_13,I feel driven to continue dwelling on the same issue.,15,False,False,False,0.5589220245790212,0.6634216725209935,0.2664622829414927,False,,1,True
validation_prolific,Perseverative_Thinking_Questionnaire_perseverative_thinking,PTQ_05,I can’t do anything else while thinking about my problems.,15,False,False,False,0.5208918961992559,0.6405711102957435,0.24347154003827526,False,,1,True
validation_prolific,Perseverative_Thinking_Questionnaire_perseverative_thinking,PTQ_10,My thoughts prevent me from focusing on other things.,15,False,False,False,0.6390729622055001,0.6925106886868237,0.31491674993726193,False,,1,True
validation_prolific,Perseverative_Thinking_Questionnaire_perseverative_thinking,PTQ_15,My thoughts take up all my attention.,15,False,False,False,0.5341191307694201,0.6458442920503848,0.25146793558778363,False,,1,True
validation_prolific,Perseverative_Thinking_Questionnaire_perseverative_thinking,PTQ_04,I think about many problems without solving any of them.,15,False,False,False,0.45642576765275206,0.6145032761471209,0.20449917127375,False,,1,True
validation_prolific,Perseverative_Thinking_Questionnaire_perseverative_thinking,PTQ_09,I keep asking myself questions without finding an answer.,15,False,False,False,0.5625227128194253,0.6493837789937397,0.26863904387122484,False,,1,True
validation_prolific,Perseverative_Thinking_Questionnaire_perseverative_thinking,PTQ_14,My thoughts are not much help to me.,15,False,False,False,0.23651061526059877,0.5732934768230356,0.07155161246771509,False,,1,True
validation_prolific,Perseverative_Thinking_Questionnaire_perseverative_thinkingcore_characteristics_of_repetitive_negative_thinking,PTQ_01,The same thoughts keep going through my mind again and again.,9,False,False,False,0.8563426076053122,0.7348992863004464,0.5050679962359389,False,,1,True
validation_prolific,Perseverative_Thinking_Questionnaire_perseverative_thinkingcore_characteristics_of_repetitive_negative_thinking,PTQ_02,Thoughts intrude into my mind.,9,False,False,False,0.8083138171328577,0.7021148310860864,0.4697300327784875,False,,1,True
validation_prolific,Perseverative_Thinking_Questionnaire_perseverative_thinkingcore_characteristics_of_repetitive_negative_thinking,PTQ_03,I can’t stop dwelling on negative experiences or problems.,9,False,False,False,0.6546112088815359,0.7145186981957744,0.3566408398117134,False,,1,True
validation_prolific,Perseverative_Thinking_Questionnaire_perseverative_thinkingcore_characteristics_of_repetitive_negative_thinking,PTQ_06,My thoughts repeat themselves.,9,False,False,False,0.6476127225064772,0.717533345746481,0.3514915896776476,False,,1,True
validation_prolific,Perseverative_Thinking_Questionnaire_perseverative_thinkingcore_characteristics_of_repetitive_negative_thinking,PTQ_07,Thoughts come to my mind without me wanting them to.,9,False,False,False,0.5833030465163618,0.6753449844073895,0.3041747000007651,False,,1,True
validation_prolific,Perseverative_Thinking_Questionnaire_perseverative_thinkingcore_characteristics_of_repetitive_negative_thinking,PTQ_08,I get stuck on certain issues and can’t move on.,9,False,False,False,0.3369663296609988,0.6956598167161829,0.12292845555378315,False,,1,True
validation_prolific,Perseverative_Thinking_Questionnaire_perseverative_thinkingcore_characteristics_of_repetitive_negative_thinking,PTQ_11,I keep thinking about the same issue all the time.,9,False,False,False,0.7046692230067184,0.7272124263767914,0.3934718375634228,False,,1,True
validation_prolific,Perseverative_Thinking_Questionnaire_perseverative_thinkingcore_characteristics_of_repetitive_negative_thinking,PTQ_12,Thoughts just pop into my mind.,9,False,False,False,0.6709678751600496,0.5827490790868362,0.3686755229580097,False,,1,True
validation_prolific,Perseverative_Thinking_Questionnaire_perseverative_thinkingcore_characteristics_of_repetitive_negative_thinking,PTQ_13,I feel driven to continue dwelling on the same issue.,9,False,False,False,0.623343236072747,0.659910237351965,0.3336349204530056,False,,1,True
validation_prolific,Perseverative_Thinking_Questionnaire_perseverative_thinkingrepetitive_negative_thinking_capturing_mental_capacity,PTQ_05,I can’t do anything else while thinking about my problems.,3,False,False,False,0.7307681784559995,0.7649621594894165,0.2810140232177439,False,,1,True
validation_prolific,Perseverative_Thinking_Questionnaire_perseverative_thinkingrepetitive_negative_thinking_capturing_mental_capacity,PTQ_10,My thoughts prevent me from focusing on other things.,3,False,False,False,0.8391763654333757,0.7716537962576844,0.39687609378550337,False,,1,True
validation_prolific,Perseverative_Thinking_Questionnaire_perseverative_thinkingrepetitive_negative_thinking_capturing_mental_capacity,PTQ_15,My thoughts take up all my attention.,3,False,False,False,0.5675705976919275,0.7411237263129373,0.10659537324142276,False,,1,True
validation_prolific,Perseverative_Thinking_Questionnaire_perseverative_thinkingunproductiveness_of_repetitive_negative_thinking,PTQ_04,I think about many problems without solving any of them.,3,False,False,False,0.6902020220036914,0.6792000882221036,0.23553516589860524,False,,1,True
validation_prolific,Perseverative_Thinking_Questionnaire_perseverative_thinkingunproductiveness_of_repetitive_negative_thinking,PTQ_09,I keep asking myself questions without finding an answer.,3,False,False,False,0.8054084231299825,0.6647625116831114,0.3583084361347716,False,,1,True
validation_prolific,Perseverative_Thinking_Questionnaire_perseverative_thinkingunproductiveness_of_repetitive_negative_thinking,PTQ_14,My thoughts are not much help to me.,3,False,False,False,0.635751511075349,0.6138879112866316,0.177508292154199,False,,1,True
validation_prolific,Perth_Alexithymia_Questionnaire_alexithymia,PAQ_03,I tend to ignore how I feel.,10,False,False,False,0.3439826558700579,0.41267752334618774,0.1110565840775944,False,,1,True
validation_prolific,Perth_Alexithymia_Questionnaire_alexithymia,PAQ_15,"I prefer to focus on things I can actually see or touch, rather than my emotions.",10,False,False,False,0.2094840230219475,0.2709085502052281,0.02418810173997188,False,,1,True
validation_prolific,Perth_Alexithymia_Questionnaire_alexithymia,PAQ_13,"When something bad happens, it's hard for me to put into words how I'm feeling.",10,False,False,False,0.745524060458222,0.5411490184733598,0.37039968425380665,False,,1,True
validation_prolific,Perth_Alexithymia_Questionnaire_alexithymia,PAQ_07,"When I'm feeling bad, I can't talk about those feelings in much depth or detail.",10,False,False,False,0.7239796523621411,0.5099622257825702,0.35648482136979154,False,,1,True
validation_prolific,Perth_Alexithymia_Questionnaire_alexithymia,PAQ_08,"When I'm feeling bad, I can't make sense of those feelings.",10,False,False,False,0.5909331872107769,0.5062841735453354,0.27055424896660324,False,,1,True
validation_prolific,Perth_Alexithymia_Questionnaire_alexithymia,PAQ_20,"When I'm feeling bad, I'm puzzled by those feelings.",10,False,False,False,0.4833548464239773,0.5067304633364098,0.20107274570773842,False,,1,True
validation_prolific,Perth_Alexithymia_Questionnaire_alexithymia,PAQ_10,"When I'm feeling good, I can't talk about those feelings in much depth or detail.",10,False,False,False,0.6796983483826311,0.49332551717259193,0.3278849048414578,False,,1,True
validation_prolific,Perth_Alexithymia_Questionnaire_alexithymia,PAQ_16,"When something good happens, it's hard for me to put into words how I'm feeling.",10,False,False,False,0.690564222999381,0.5613481990931134,0.3349028351894481,False,,1,True
validation_prolific,Perth_Alexithymia_Questionnaire_alexithymia,PAQ_05,"When I'm feeling good, I can't tell whether I'm happy, excited, or amused.",10,False,False,False,0.6433021026266394,0.45008021708273777,0.3043777020940466,False,,1,True
validation_prolific,Perth_Alexithymia_Questionnaire_alexithymia,PAQ_17,"When I'm feeling good, I get confused about what emotion it is.",10,False,False,False,0.7019968861195385,0.5122685061514595,0.3422868365974544,False,,1,True
validation_prolific,Perth_Alexithymia_Questionnaire_alexithymiageneral_externally_orientated_thinking,PAQ_03,I tend to ignore how I feel.,2,False,False,False,0.7422013278295466,0.3816664462456625,0.10172562206388432,False,,1,True
validation_prolific,Perth_Alexithymia_Questionnaire_alexithymiageneral_externally_orientated_thinking,PAQ_15,"I prefer to focus on things I can actually see or touch, rather than my emotions.",2,False,False,False,0.7422013278295466,0.3816664462456625,0.10172562206388432,False,,1,True
validation_prolific,Perth_Alexithymia_Questionnaire_alexithymianegative_difficulty_describing_feelings,PAQ_13,"When something bad happens, it's hard for me to put into words how I'm feeling.",2,False,False,False,0.894657068554208,0.7095561989612115,0.6008225406280179,False,,1,True
validation_prolific,Perth_Alexithymia_Questionnaire_alexithymianegative_difficulty_describing_feelings,PAQ_07,"When I'm feeling bad, I can't talk about those feelings in much depth or detail.",2,False,False,False,0.8946570685542077,0.7095561989612115,0.6008225406280179,False,,1,True
validation_prolific,Perth_Alexithymia_Questionnaire_alexithymianegative_difficulty_identifying_feelings,PAQ_08,"When I'm feeling bad, I can't make sense of those feelings.",2,False,False,False,0.8140309188957435,0.6080149571360364,0.3252926738364973,False,,1,True
validation_prolific,Perth_Alexithymia_Questionnaire_alexithymianegative_difficulty_identifying_feelings,PAQ_20,"When I'm feeling bad, I'm puzzled by those feelings.",2,False,False,False,0.8140309188957436,0.6080149571360364,0.3252926738364973,False,,1,True
validation_prolific,Perth_Alexithymia_Questionnaire_alexithymiapositive_difficulty_describing_feelings,PAQ_10,"When I'm feeling good, I can't talk about those feelings in much depth or detail.",2,False,False,False,0.8728314788454934,0.6460439519099775,0.5236695809272214,False,,1,True
validation_prolific,Perth_Alexithymia_Questionnaire_alexithymiapositive_difficulty_describing_feelings,PAQ_16,"When something good happens, it's hard for me to put into words how I'm feeling.",2,False,False,False,0.8728314788454933,0.6460439519099775,0.5236695809272214,False,,1,True
validation_prolific,Perth_Alexithymia_Questionnaire_alexithymiapositive_difficulty_identifying_feelings,PAQ_05,"When I'm feeling good, I can't tell whether I'm happy, excited, or amused.",2,False,False,False,0.9095090527163493,0.6648426216616317,0.6544134339459804,False,,1,True
validation_prolific,Perth_Alexithymia_Questionnaire_alexithymiapositive_difficulty_identifying_feelings,PAQ_17,"When I'm feeling good, I get confused about what emotion it is.",2,False,False,False,0.909509052716349,0.6648426216616317,0.6544134339459804,False,,1,True
validation_prolific,Positive_and_Negative_Affect_Schedule_negative_affect,PANAS_08,"During the last two weeks, I have felt hostile",4,False,False,False,0.7673527271158063,0.5457121307115719,0.4784860029577553,False,,1,True
validation_prolific,Positive_and_Negative_Affect_Schedule_negative_affect,PANAS_06,"During the last two weeks, I have felt guilty",4,False,False,False,0.7901522454307598,0.5495302511790402,0.5026067093449867,False,,1,True
validation_prolific,Positive_and_Negative_Affect_Schedule_negative_affect,PANAS_04,"During the last two weeks, I have felt upset",4,False,False,False,0.88125799542807,0.6244943355507743,0.5989918616765774,False,,1,True
validation_prolific,Positive_and_Negative_Affect_Schedule_negative_affect,PANAS_18,"During the last two weeks, I have felt jittery",4,False,False,False,0.7350812405775987,0.5538629098300878,0.44434444607420165,False,,1,True
validation_prolific,Positive_and_Negative_Affect_Schedule_positive_affect,PANAS_09,"During the last two weeks, I have felt enthusiastic",4,False,False,False,0.8803418232685357,0.7851270218841755,0.6734866453944038,False,,1,True
validation_prolific,Positive_and_Negative_Affect_Schedule_positive_affect,PANAS_14,"During the last two weeks, I have felt inspired",4,False,False,False,0.8056462009219113,0.7806312662073801,0.5880595500158591,False,,1,True
validation_prolific,Positive_and_Negative_Affect_Schedule_positive_affect,PANAS_10,"During the last two weeks, I have felt proud",4,False,False,False,0.8934517844527818,0.7655605308047214,0.6884801064475639,False,,1,True
validation_prolific,Positive_and_Negative_Affect_Schedule_positive_affect,PANAS_05,"During the last two weeks, I have felt strong",4,False,False,False,0.8515683024662009,0.7607767300769953,0.6405792509750748,False,,1,True
validation_prolific,Revised_Adult_Attachment_Scale_close,RAAS_08,I am somewhat uncomfortable being close to others.,6,True,True,False,0.7680941553478945,-0.6186821427365514,-0.3234984503934424,True,-0.35571945761138696,1,True
validation_prolific,Revised_Adult_Attachment_Scale_close,RAAS_13,I am uncomfortable when anyone gets too emotionally close to me.,6,True,True,False,0.6679202137611221,-0.5989923831758778,-0.25522439463431945,True,-0.25627270211271636,1,True
validation_prolific,Revised_Adult_Attachment_Scale_close,RAAS_17,Romantic partners often want me to be emotionally closer than I feel comfortable being.,6,True,True,False,0.378203779133611,-0.4399536466657694,-0.05776669556834928,False,0.007835100830449422,1,True
validation_prolific,Revised_Adult_Attachment_Scale_close,RAAS_01,I find it relatively easy to get close to people.,6,False,False,False,0.7538877765454376,0.5272594037417633,0.3138160211795136,False,0.8296773486695015,1,True
validation_prolific,Revised_Adult_Attachment_Scale_close,RAAS_06,I don’t worry about people getting too close to me.,6,False,False,False,0.1304777648163388,0.48761145883056506,-0.11107222048680239,False,0.44317804530585897,1,True
validation_prolific,Revised_Adult_Attachment_Scale_close,RAAS_12,I am comfortable developing close relationships with others.,6,False,False,False,0.709191560008927,0.5200862969077449,0.2833530890866179,False,0.7749034936876437,1,True
validation_prolific,Revised_Adult_Attachment_Scale_depend,RAAS_02,I find it difficult to allow myself to depend on others.,5,True,True,False,0.577842219134619,-0.5027656878880196,-0.14296098064835916,True,-0.005141073428339671,1,True
validation_prolific,Revised_Adult_Attachment_Scale_depend,RAAS_07,I find that people are never there when you need them.,5,True,True,False,0.47277286116623507,-0.5113374283023232,-0.07150867658310248,False,0.02650848448247224,1,True
validation_prolific,Revised_Adult_Attachment_Scale_depend,RAAS_16,I find it difficult to trust others completely.,5,True,True,False,0.691648888412116,-0.521459365137346,-0.22035508388744796,True,-0.14621450250308254,1,True
validation_prolific,Revised_Adult_Attachment_Scale_depend,RAAS_05,I am comfortable depending on others.,5,False,False,False,0.44332670439857713,0.48869523370839185,0.051483849291885486,False,0.7848860165418532,1,True
validation_prolific,Revised_Adult_Attachment_Scale_depend,RAAS_14,I know that people will be there when I need them.,5,False,False,False,0.5346050317773126,0.48930609557860083,0.11355757781315447,False,0.7848860165418534,1,True
validation_prolific,Survey_Attitude_Scale_survey_burden,SAS_07,I receive far too many requests to participate in surveys.,3,False,False,False,0.7817122954031693,0.406845891772182,0.34086752960959876,False,,1,True
validation_prolific,Survey_Attitude_Scale_survey_burden,SAS_08,Opinion polls are an invasion of privacy.,3,False,False,False,0.6756298742980847,0.39502714926154836,0.22675743578840318,False,,1,True
validation_prolific,Survey_Attitude_Scale_survey_burden,SAS_09,It is exhaustive to answer so many questions in a survey.,3,False,False,False,0.6940056715807352,0.2925935020374656,0.24652380169633603,False,,1,True
validation_prolific,Survey_Attitude_Scale_survey_enjoyment,SAS_01,I really enjoy responding to questionnaires through the mail or Internet.,3,False,False,False,0.7965107888718959,0.591817472843603,0.4860728121386357,False,,1,True
validation_prolific,Survey_Attitude_Scale_survey_enjoyment,SAS_02,I really enjoy being interviewed for a survey.,3,False,False,False,0.8626730437168856,0.563157840690695,0.5679810569532899,False,,1,True
validation_prolific,Survey_Attitude_Scale_survey_enjoyment,SAS_03,Surveys are interesting in themselves.,3,False,False,False,0.8167972235754873,0.5579245549613769,0.5111872261502388,False,,1,True
validation_prolific,Survey_Attitude_Scale_survey_value,SAS_06,Completing surveys is a waste of time.,3,True,True,False,0.4821834548901367,-0.4513837377333056,0.0018302460561132328,False,0.0020221091677672335,1,True
validation_prolific,Survey_Attitude_Scale_survey_value,SAS_04,Surveys are important for society.,3,False,False,False,0.7722094064231098,0.5219660604810654,0.29781121913153513,False,0.9051173325791052,1,True
validation_prolific,Survey_Attitude_Scale_survey_value,SAS_05,A lot can be learned from information collected through surveys.,3,False,False,False,0.8119150921912657,0.5014668458999928,0.3388333062825808,False,0.9051173325791055,1,True
validation_prolific,UCLA_Loneliness_Scale__Short_Form__loneliness,ULS8_01,I lack companionship.,8,False,False,False,0.6982498026446299,0.6266047404583472,0.34740888133881154,False,0.7313273874836772,1,True
validation_prolific,UCLA_Loneliness_Scale__Short_Form__loneliness,ULS8_02,There is no one I can turn to.,8,False,False,False,0.4680754137405633,0.5840184126542274,0.18579525525209892,False,0.4880508654536473,1,True
validation_prolific,UCLA_Loneliness_Scale__Short_Form__loneliness,ULS8_03,I am an outgoing person.,8,True,True,False,0.4515771353852897,-0.3206700646278933,-0.17421122715114895,True,-0.25325934996830896,1,True
validation_prolific,UCLA_Loneliness_Scale__Short_Form__loneliness,ULS8_04,I feel left out.,8,False,False,False,0.6763145761337402,0.6300877414082893,0.33200737853766454,False,0.736705968037062,1,True
validation_prolific,UCLA_Loneliness_Scale__Short_Form__loneliness,ULS8_05,I feel isolated from others.,8,False,False,False,0.7945464022346482,0.6625184692449043,0.41502214932080894,False,0.8138096017541254,1,True
validation_prolific,UCLA_Loneliness_Scale__Short_Form__loneliness,ULS8_06,I can find companionship when I want it.,8,True,True,False,0.5364347179865657,-0.47908659451961205,-0.2337927544029094,True,-0.3549927482930338,1,True
validation_prolific,UCLA_Loneliness_Scale__Short_Form__loneliness,ULS8_07,I am unhappy being so withdrawn.,8,False,False,False,0.7216549160157052,0.5228101031258986,0.36384244399050436,False,0.7547191098923103,1,True
validation_prolific,UCLA_Loneliness_Scale__Short_Form__loneliness,ULS8_08,People are around me but not with me.,8,False,False,False,0.5680960360210634,0.5967516876488245,0.25602329203397683,False,0.5750308188939591,1,True
validation_prolific,Utrecht_Work_Engagement_Scale__Short_Version__engagement,UWES9_01,"At my work, I feel bursting with energy.",9,False,False,False,0.7882191206731767,0.6660195061157324,0.465840476267605,False,,2,True
validation_prolific,Utrecht_Work_Engagement_Scale__Short_Version__engagement,UWES9_02,"At my job, I feel strong and vigorous.",9,False,False,False,0.7767008276708798,0.6908997728464814,0.42659229605261184,False,,2,True
validation_prolific,Utrecht_Work_Engagement_Scale__Short_Version__engagement,UWES9_05,"When I get up in the morning, I feel like going to work.",9,False,False,False,0.6561937370621932,0.6402072685046362,0.35571197714448133,False,,2,True
validation_prolific,Utrecht_Work_Engagement_Scale__Short_Version__engagement,UWES9_03,I am enthusiastic about my job.,9,False,False,False,0.8310472480000215,0.7349993654157602,0.49313017095044887,False,,2,True
validation_prolific,Utrecht_Work_Engagement_Scale__Short_Version__engagement,UWES9_04,My job inspires me.,9,False,False,False,0.7635002063294354,0.7149932264225729,0.4384024043089101,False,,2,True
validation_prolific,Utrecht_Work_Engagement_Scale__Short_Version__engagement,UWES9_07,I am proud of the work that I do.,9,False,False,False,0.7791615879022585,0.6376780000227419,0.4457661583772241,False,,2,True
validation_prolific,Utrecht_Work_Engagement_Scale__Short_Version__engagement,UWES9_06,I feel happy when I am working intensely.,9,False,False,False,0.8357894927159846,0.6050471836180833,0.4968416871440763,False,,2,True
validation_prolific,Utrecht_Work_Engagement_Scale__Short_Version__engagement,UWES9_08,I am immersed in my work.,9,False,False,False,0.5279569717316333,0.6659544027774313,0.29103140858471077,False,,2,True
validation_prolific,Utrecht_Work_Engagement_Scale__Short_Version__engagement,UWES9_09,I get carried away when I am working.,9,False,True,True,-0.33190684190591124,0.4788351114185966,-0.13598150431586725,False,,2,True
validation_prolific,Utrecht_Work_Engagement_Scale__Short_Version__engagementabsorption,UWES9_06,I feel happy when I am working intensely.,3,False,False,False,0.6791058623243577,0.5474520429465193,0.1420452722714258,False,,1,True
validation_prolific,Utrecht_Work_Engagement_Scale__Short_Version__engagementabsorption,UWES9_08,I am immersed in my work.,3,False,False,False,0.7557724776428935,0.6072479031255327,0.2145279890865068,False,,1,True
validation_prolific,Utrecht_Work_Engagement_Scale__Short_Version__engagementabsorption,UWES9_09,I get carried away when I am working.,3,False,False,False,0.45597640858082944,0.5371381910660571,-0.06890742130451949,False,,1,True
validation_prolific,Utrecht_Work_Engagement_Scale__Short_Version__engagementdedication,UWES9_03,I am enthusiastic about my job.,3,False,False,False,0.8814298920377092,0.8188763327450697,0.6426609862459649,False,,1,True
validation_prolific,Utrecht_Work_Engagement_Scale__Short_Version__engagementdedication,UWES9_04,My job inspires me.,3,False,False,False,0.8747540508360448,0.8052392199790419,0.6340066129822214,False,,1,True
validation_prolific,Utrecht_Work_Engagement_Scale__Short_Version__engagementdedication,UWES9_07,I am proud of the work that I do.,3,False,False,False,0.8365599533068844,0.7700858510152266,0.5844928563627916,False,,1,True
validation_prolific,Utrecht_Work_Engagement_Scale__Short_Version__engagementvigor,UWES9_01,"At my work, I feel bursting with energy.",3,False,False,False,0.8542618530142577,0.7398425698970693,0.5600846591872218,False,,1,True
validation_prolific,Utrecht_Work_Engagement_Scale__Short_Version__engagementvigor,UWES9_02,"At my job, I feel strong and vigorous.",3,False,False,False,0.8468040948518342,0.7466230122846897,0.5508300553534934,False,,1,True
validation_prolific,Utrecht_Work_Engagement_Scale__Short_Version__engagementvigor,UWES9_05,"When I get up in the morning, I feel like going to work.",3,False,False,False,0.7808069238926538,0.7121701746179265,0.4689317612452863,False,,1,True
validation_prolific,Work_Gratitude_Scale_work_gratitude,WGS_01,"Right now, I have so much at work to be thankful for.",10,False,False,False,0.7847361156803856,0.620713438175429,0.4578083414137544,False,,1,True
validation_prolific,Work_Gratitude_Scale_work_gratitude,WGS_02,"At this present time, if I had to list everything that I felt grateful for at work, it would be a very long list.",10,False,False,False,0.6401708404541132,0.5966647537512129,0.3530011385943353,False,,1,True
validation_prolific,Work_Gratitude_Scale_work_gratitude,WGS_03,"At the present time, life has been good to me at work.",10,False,False,False,0.6142922632762217,0.5599872878244767,0.33423963945343815,False,,1,True
validation_prolific,Work_Gratitude_Scale_work_gratitude,WGS_04,"Currently, I couldn’t have gotten where I am today at work without the help of many people.",10,False,False,False,0.5470971159829591,0.482823484757199,0.28552437626300203,False,,1,True
validation_prolific,Work_Gratitude_Scale_work_gratitude,WGS_05,"Although I think it’s important to feel good about my current work accomplishments, I think that it’s also important to remember how others have contributed to my accomplishments.",10,False,False,False,0.6176584252026047,0.5491004274295318,0.33668004580405897,False,,1,True
validation_prolific,Work_Gratitude_Scale_work_gratitude,WGS_06,"Although I’m basically in control of my work at the present time, I can’t help but think about all those who have supported me and helped me along the way.",10,False,False,False,0.7082943257323594,0.5773958438030707,0.4023894299882932,False,,1,True
validation_prolific,Work_Gratitude_Scale_work_gratitude,WGS_07,"Right now, I feel deeply appreciative for the things others have done for me at work.",10,False,False,False,0.8039838810225941,0.5894975319752063,0.47176262222485504,False,,1,True
validation_prolific,Work_Gratitude_Scale_work_gratitude,WGS_08,"Currently, I think that it’s important to ""Stop and smell the roses"" as it pertains to my work.",10,False,False,False,0.5878466827567185,0.4812683634536288,0.3150670731725894,False,,1,True
validation_prolific,Work_Gratitude_Scale_work_gratitude,WGS_09,"Currently, I believe that it’s important to pause often to ""count my blessings"" at work.",10,False,False,False,0.7203913741605596,0.558095370056829,0.41115957071639203,False,,1,True
validation_prolific,Work_Gratitude_Scale_work_gratitude,WGS_10,"Right now, I think it’s important to enjoy the simple things that pertain to my work.",10,False,False,False,0.50036575896579,0.5514671851712103,0.25164498990788214,False,,1,True
validation_prolific,Work_Gratitude_Scale_work_gratitudegrateful_appraisals,WGS_01,"Right now, I have so much at work to be thankful for.",3,False,False,False,0.8800582377479056,0.7547374940325451,0.5789221581534785,False,,1,True
validation_prolific,Work_Gratitude_Scale_work_gratitudegrateful_appraisals,WGS_02,"At this present time, if I had to list everything that I felt grateful for at work, it would be a very long list.",3,False,False,False,0.803066237355203,0.743472870569644,0.4845325238528865,False,,1,True
validation_prolific,Work_Gratitude_Scale_work_gratitudegrateful_appraisals,WGS_03,"At the present time, life has been good to me at work.",3,False,False,False,0.7688090717368643,0.731290984230516,0.44253437705325815,False,,1,True
validation_prolific,Work_Gratitude_Scale_work_gratitudegratitude_toward_others,WGS_04,"Currently, I couldn’t have gotten where I am today at work without the help of many people.",4,False,False,False,0.7036100253247779,0.6126198039052588,0.38170149021221017,False,,1,True
validation_prolific,Work_Gratitude_Scale_work_gratitudegratitude_toward_others,WGS_05,"Although I think it’s important to feel good about my current work accomplishments, I think that it’s also important to remember how others have contributed to my accomplishments.",4,False,False,False,0.7165513746575312,0.6596523072181798,0.39485297342525155,False,,1,True
validation_prolific,Work_Gratitude_Scale_work_gratitudegratitude_toward_others,WGS_06,"Although I’m basically in control of my work at the present time, I can’t help but think about all those who have supported me and helped me along the way.",4,False,False,False,0.807738876088304,0.6581710262495916,0.4875211228948595,False,,1,True
validation_prolific,Work_Gratitude_Scale_work_gratitudegratitude_toward_others,WGS_07,"Right now, I feel deeply appreciative for the things others have done for me at work.",4,False,False,False,0.8208119273214237,0.6271851401714227,0.5008064465048533,False,,1,True
validation_prolific,Work_Gratitude_Scale_work_gratitudeintentional_attitude_of_gratitude,WGS_08,"Currently, I think that it’s important to ""Stop and smell the roses"" as it pertains to my work.",3,False,False,False,0.8273521335757923,0.6082936063365392,0.48462995973981987,False,,1,True
validation_prolific,Work_Gratitude_Scale_work_gratitudeintentional_attitude_of_gratitude,WGS_09,"Currently, I believe that it’s important to pause often to ""count my blessings"" at work.",3,False,False,False,0.7840241964132963,0.5829013136812782,0.43306547674328255,False,,1,True
validation_prolific,Work_Gratitude_Scale_work_gratitudeintentional_attitude_of_gratitude,WGS_10,"Right now, I think it’s important to enjoy the simple things that pertain to my work.",3,False,False,False,0.7688192839009195,0.6138096328911047,0.4149701437075125,False,,1,True
